cp_ACE_avg,cp_DMR_avg,cp_bytes_delivered,cp_bytes_sent,cp_risk_max_mean,cp_risk_sum_topB_mean,cp_round,cp_triggered_edges,name
0.0,0.0,0,0,0.0,0.0,0,0,PAPER_ace_T50_seed11_d5_B3
0.0,0.0,0,0,0.0,0.0,1,0,PAPER_ace_T50_seed11_d5_B3
0.0,0.0,0,49200,0.0,0.0,2,0,PAPER_ace_T50_seed11_d5_B3
0.0,1.0,0,0,0.0,0.0,3,2,PAPER_ace_T50_seed11_d5_B3
0.0,1.0,0,49200,0.0,0.0,4,0,PAPER_ace_T50_seed11_d5_B3
0.0,1.0,0,0,0.0,0.0,5,2,PAPER_ace_T50_seed11_d5_B3
0.0,1.0,0,49200,0.0,0.0,6,0,PAPER_ace_T50_seed11_d5_B3
0.0,1.0,0,0,0.0,0.0,7,2,PAPER_ace_T50_seed11_d5_B3
3.5504380422052773,0.8333333333333334,49200,49200,0.0,0.0,8,0,PAPER_ace_T50_seed11_d5_B3
3.3918022180039924,0.8666666666666667,0,0,0.0,0.0,9,2,PAPER_ace_T50_seed11_d5_B3
2.4619144357536005,0.8666666666666667,49200,49200,0.0,0.0,10,0,PAPER_ace_T50_seed11_d5_B3
4.088192519857203,0.8333333333333334,0,0,0.0,0.0,11,2,PAPER_ace_T50_seed11_d5_B3
4.470499353332976,0.8333333333333334,49200,49200,0.0,0.0,12,0,PAPER_ace_T50_seed11_d5_B3
5.09292861977514,0.8333333333333334,0,0,0.0,0.0,13,2,PAPER_ace_T50_seed11_d5_B3
4.172985922096577,0.7416666666666667,49200,49200,0.0,0.0,14,0,PAPER_ace_T50_seed11_d5_B3
4.8660358687601075,0.7266666666666668,0,0,0.0,0.0,15,2,PAPER_ace_T50_seed11_d5_B3
4.43691603914239,0.7266666666666668,49200,49200,0.0,0.0,16,0,PAPER_ace_T50_seed11_d5_B3
4.750864317879764,0.7266666666666668,0,0,0.0,0.0,17,2,PAPER_ace_T50_seed11_d5_B3
4.097351442373318,0.6799999999999999,49200,49200,0.0,0.0,18,0,PAPER_ace_T50_seed11_d5_B3
4.3496332161531575,0.6799999999999999,0,0,0.0,0.0,19,2,PAPER_ace_T50_seed11_d5_B3
4.603295199694629,0.500952380952381,49200,49200,0.0,0.0,20,0,PAPER_ace_T50_seed11_d5_B3
4.844609235900652,0.6136904761904762,0,0,0.0,0.0,21,2,PAPER_ace_T50_seed11_d5_B3
4.187284210666423,0.5408333333333333,49200,49200,0.0,0.0,22,0,PAPER_ace_T50_seed11_d5_B3
4.722681438178642,0.5747619047619048,0,0,0.0,0.0,23,2,PAPER_ace_T50_seed11_d5_B3
4.113967987776683,0.4878571428571429,49200,49200,0.0,0.0,24,0,PAPER_ace_T50_seed11_d5_B3
5.70029551282601,0.4997619047619048,0,0,0.0,0.0,25,2,PAPER_ace_T50_seed11_d5_B3
5.044572985759715,0.4285714285714286,49200,49200,0.0,0.0,26,0,PAPER_ace_T50_seed11_d5_B3
4.404711263452038,0.5119047619047619,0,0,0.0,0.0,27,2,PAPER_ace_T50_seed11_d5_B3
3.7971573728047,0.494047619047619,49200,49200,0.0,0.0,28,0,PAPER_ace_T50_seed11_d5_B3
3.9587329620142575,0.5119047619047619,0,0,0.0,0.0,29,2,PAPER_ace_T50_seed11_d5_B3
3.9796276536072193,0.3047619047619048,49200,49200,0.0,0.0,30,0,PAPER_ace_T50_seed11_d5_B3
4.458387619765946,0.2892857142857143,0,0,0.0,0.0,31,2,PAPER_ace_T50_seed11_d5_B3
4.264096248915806,0.20000000000000004,49200,49200,0.0,0.0,32,0,PAPER_ace_T50_seed11_d5_B3
4.358817597856261,0.19047619047619047,0,0,0.0,0.0,33,2,PAPER_ace_T50_seed11_d5_B3
3.0679759999640095,0.22380952380952382,49200,49200,0.0,0.0,34,0,PAPER_ace_T50_seed11_d5_B3
3.6199200725136884,0.0,0,0,0.0,0.0,35,2,PAPER_ace_T50_seed11_d5_B3
3.248827214188844,0.0,49200,49200,0.0,0.0,36,0,PAPER_ace_T50_seed11_d5_B3
3.331666343324202,0.0,0,0,0.0,0.0,37,2,PAPER_ace_T50_seed11_d5_B3
2.9254430770516757,0.0,49200,49200,0.0,0.0,38,0,PAPER_ace_T50_seed11_d5_B3
3.174190703825734,0.0,0,0,0.0,0.0,39,2,PAPER_ace_T50_seed11_d5_B3
2.8465966445279642,0.0,49200,49200,0.0,0.0,40,0,PAPER_ace_T50_seed11_d5_B3
3.1108159995224067,0.0,0,0,0.0,0.0,41,2,PAPER_ace_T50_seed11_d5_B3
3.0182406217353233,0.0,49200,49200,0.0,0.0,42,0,PAPER_ace_T50_seed11_d5_B3
2.8196523824120847,0.0,0,0,0.0,0.0,43,2,PAPER_ace_T50_seed11_d5_B3
2.700654685949076,0.0,49200,49200,0.0,0.0,44,0,PAPER_ace_T50_seed11_d5_B3
5.1839300019893155,0.0,0,0,0.0,0.0,45,2,PAPER_ace_T50_seed11_d5_B3
4.984806377227556,0.0,49200,49200,0.0,0.0,46,0,PAPER_ace_T50_seed11_d5_B3
3.607100786199073,0.0,0,0,0.0,0.0,47,2,PAPER_ace_T50_seed11_d5_B3
3.124735074573297,0.0,49200,49200,0.0,0.0,48,0,PAPER_ace_T50_seed11_d5_B3
2.8150669829495367,0.0,0,0,0.0,0.0,49,2,PAPER_ace_T50_seed11_d5_B3
0.0,0.0,0,0,0.0,0.0,0,0,PAPER_ace_T50_seed12_d5_B3
0.0,0.0,0,0,0.0,0.0,1,0,PAPER_ace_T50_seed12_d5_B3
0.0,0.0,0,49200,0.0,0.0,2,0,PAPER_ace_T50_seed12_d5_B3
0.0,1.0,0,0,0.0,0.0,3,2,PAPER_ace_T50_seed12_d5_B3
0.0,1.0,0,49200,0.0,0.0,4,0,PAPER_ace_T50_seed12_d5_B3
0.0,1.0,0,0,0.0,0.0,5,2,PAPER_ace_T50_seed12_d5_B3
0.0,1.0,0,49200,0.0,0.0,6,0,PAPER_ace_T50_seed12_d5_B3
0.0,1.0,0,0,0.0,0.0,7,2,PAPER_ace_T50_seed12_d5_B3
2.552050807351289,0.9333333333333333,49200,49200,0.0,0.0,8,0,PAPER_ace_T50_seed12_d5_B3
3.2575380013120387,1.0,0,0,0.0,0.0,9,2,PAPER_ace_T50_seed12_d5_B3
2.577500135967279,0.9333333333333333,49200,49200,0.0,0.0,10,0,PAPER_ace_T50_seed12_d5_B3
3.2953344074250115,1.0,0,0,0.0,0.0,11,2,PAPER_ace_T50_seed12_d5_B3
2.8611058663966897,1.0,49200,49200,0.0,0.0,12,0,PAPER_ace_T50_seed12_d5_B3
3.8602961697686573,1.0,0,0,0.0,0.0,13,2,PAPER_ace_T50_seed12_d5_B3
3.651010901752732,0.6583333333333333,49200,49200,0.0,0.0,14,0,PAPER_ace_T50_seed12_d5_B3
4.669769958470468,0.6466666666666667,0,0,0.0,0.0,15,2,PAPER_ace_T50_seed12_d5_B3
3.981096713977783,0.67,49200,49200,0.0,0.0,16,0,PAPER_ace_T50_seed12_d5_B3
4.140434402575651,0.5966666666666667,0,0,0.0,0.0,17,2,PAPER_ace_T50_seed12_d5_B3
3.8112120438387844,0.6233333333333333,49200,49200,0.0,0.0,18,0,PAPER_ace_T50_seed12_d5_B3
4.195305860641828,0.7190476190476192,0,0,0.0,0.0,19,2,PAPER_ace_T50_seed12_d5_B3
4.194331716692673,0.6297619047619047,49200,49200,0.0,0.0,20,0,PAPER_ace_T50_seed12_d5_B3
4.805286861821169,0.6351190476190476,0,0,0.0,0.0,21,2,PAPER_ace_T50_seed12_d5_B3
4.267801253061805,0.5664285714285714,49200,49200,0.0,0.0,22,0,PAPER_ace_T50_seed12_d5_B3
4.28009912746478,0.5560714285714285,0,0,0.0,0.0,23,2,PAPER_ace_T50_seed12_d5_B3
3.847710196778753,0.526904761904762,49200,49200,0.0,0.0,24,0,PAPER_ace_T50_seed12_d5_B3
4.300881827014383,0.4519047619047619,0,0,0.0,0.0,25,2,PAPER_ace_T50_seed12_d5_B3
4.064412361565654,0.380952380952381,49200,49200,0.0,0.0,26,0,PAPER_ace_T50_seed12_d5_B3
4.2318810928431,0.4285714285714286,0,0,0.0,0.0,27,2,PAPER_ace_T50_seed12_d5_B3
3.3640804432326297,0.3571428571428572,49200,49200,0.0,0.0,28,0,PAPER_ace_T50_seed12_d5_B3
3.5847340003627566,0.40476190476190477,0,0,0.0,0.0,29,2,PAPER_ace_T50_seed12_d5_B3
3.4407424918704366,0.37142857142857144,49200,49200,0.0,0.0,30,0,PAPER_ace_T50_seed12_d5_B3
3.0710679569904054,0.3476190476190476,0,0,0.0,0.0,31,2,PAPER_ace_T50_seed12_d5_B3
2.816695129420772,0.40476190476190477,49200,49200,0.0,0.0,32,0,PAPER_ace_T50_seed12_d5_B3
3.167661122593335,0.3571428571428572,0,0,0.0,0.0,33,2,PAPER_ace_T50_seed12_d5_B3
2.855710987969087,0.35714285714285715,49200,49200,0.0,0.0,34,0,PAPER_ace_T50_seed12_d5_B3
3.3742433717472577,0.0,0,0,0.0,0.0,35,2,PAPER_ace_T50_seed12_d5_B3
2.978301758855813,0.0,49200,49200,0.0,0.0,36,0,PAPER_ace_T50_seed12_d5_B3
2.7346707349866484,0.0,0,0,0.0,0.0,37,2,PAPER_ace_T50_seed12_d5_B3
2.5544772401398084,0.0,49200,49200,0.0,0.0,38,0,PAPER_ace_T50_seed12_d5_B3
2.823926332957864,0.0,0,0,0.0,0.0,39,2,PAPER_ace_T50_seed12_d5_B3
2.993389080271867,0.0,49200,49200,0.0,0.0,40,0,PAPER_ace_T50_seed12_d5_B3
2.797536922814639,0.0,0,0,0.0,0.0,41,2,PAPER_ace_T50_seed12_d5_B3
2.1376722545727755,0.0,49200,49200,0.0,0.0,42,0,PAPER_ace_T50_seed12_d5_B3
2.125001265622645,0.0,0,0,0.0,0.0,43,2,PAPER_ace_T50_seed12_d5_B3
2.0063047242031073,0.0,49200,49200,0.0,0.0,44,0,PAPER_ace_T50_seed12_d5_B3
1.9727668251629933,0.0,0,0,0.0,0.0,45,2,PAPER_ace_T50_seed12_d5_B3
1.9109141333907789,0.0,49200,49200,0.0,0.0,46,0,PAPER_ace_T50_seed12_d5_B3
2.0904966161522145,0.0,0,0,0.0,0.0,47,2,PAPER_ace_T50_seed12_d5_B3
1.6620454890151701,0.0,49200,49200,0.0,0.0,48,0,PAPER_ace_T50_seed12_d5_B3
1.6669138735675386,0.0,0,0,0.0,0.0,49,2,PAPER_ace_T50_seed12_d5_B3
0.0,0.0,0,0,0.0,0.0,0,0,PAPER_ace_T50_seed13_d5_B3
0.0,0.0,0,0,0.0,0.0,1,0,PAPER_ace_T50_seed13_d5_B3
0.0,0.0,0,49200,0.0,0.0,2,0,PAPER_ace_T50_seed13_d5_B3
0.0,1.0,0,0,0.0,0.0,3,2,PAPER_ace_T50_seed13_d5_B3
0.0,1.0,0,49200,0.0,0.0,4,0,PAPER_ace_T50_seed13_d5_B3
0.0,1.0,0,0,0.0,0.0,5,2,PAPER_ace_T50_seed13_d5_B3
0.0,1.0,0,49200,0.0,0.0,6,0,PAPER_ace_T50_seed13_d5_B3
0.0,1.0,0,0,0.0,0.0,7,2,PAPER_ace_T50_seed13_d5_B3
3.104561523159619,0.9000000000000001,49200,49200,0.0,0.0,8,0,PAPER_ace_T50_seed13_d5_B3
5.4526203082793705,0.9333333333333333,0,0,0.0,0.0,9,2,PAPER_ace_T50_seed13_d5_B3
4.476110985255794,0.9333333333333333,49200,49200,0.0,0.0,10,0,PAPER_ace_T50_seed13_d5_B3
5.676995235924134,1.0,0,0,0.0,0.0,11,2,PAPER_ace_T50_seed13_d5_B3
5.615585758433081,1.0,49200,49200,0.0,0.0,12,0,PAPER_ace_T50_seed13_d5_B3
6.4605806700471495,1.0,0,0,0.0,0.0,13,2,PAPER_ace_T50_seed13_d5_B3
4.542339120029715,0.6666666666666667,49200,49200,0.0,0.0,14,0,PAPER_ace_T50_seed13_d5_B3
5.174572653594412,0.5923809523809525,0,0,0.0,0.0,15,2,PAPER_ace_T50_seed13_d5_B3
4.603716962193106,0.5733333333333334,49200,49200,0.0,0.0,16,0,PAPER_ace_T50_seed13_d5_B3
6.3338602594452285,0.6766666666666667,0,0,0.0,0.0,17,2,PAPER_ace_T50_seed13_d5_B3
6.128879964392365,0.6766666666666667,49200,49200,0.0,0.0,18,0,PAPER_ace_T50_seed13_d5_B3
5.884589343917784,0.6000000000000001,0,0,0.0,0.0,19,2,PAPER_ace_T50_seed13_d5_B3
5.002150131129266,0.2533333333333333,49200,49200,0.0,0.0,20,0,PAPER_ace_T50_seed13_d5_B3
5.324708121306476,0.43666666666666665,0,0,0.0,0.0,21,2,PAPER_ace_T50_seed13_d5_B3
4.9648834888424345,0.4604761904761905,49200,49200,0.0,0.0,22,0,PAPER_ace_T50_seed13_d5_B3
4.626926040919936,0.5057142857142857,0,0,0.0,0.0,23,2,PAPER_ace_T50_seed13_d5_B3
4.630183428210292,0.42428571428571427,49200,49200,0.0,0.0,24,0,PAPER_ace_T50_seed13_d5_B3
5.104056447377133,0.5119047619047619,0,0,0.0,0.0,25,2,PAPER_ace_T50_seed13_d5_B3
5.422000175977329,0.40476190476190477,49200,49200,0.0,0.0,26,0,PAPER_ace_T50_seed13_d5_B3
5.4030824542086915,0.3571428571428572,0,0,0.0,0.0,27,2,PAPER_ace_T50_seed13_d5_B3
5.232359730976565,0.3571428571428572,49200,49200,0.0,0.0,28,0,PAPER_ace_T50_seed13_d5_B3
4.781908827169893,0.2666666666666667,0,0,0.0,0.0,29,2,PAPER_ace_T50_seed13_d5_B3
4.368428545374191,0.30000000000000004,49200,49200,0.0,0.0,30,0,PAPER_ace_T50_seed13_d5_B3
5.365195101523154,0.30000000000000004,0,0,0.0,0.0,31,2,PAPER_ace_T50_seed13_d5_B3
5.60749550403203,0.42261904761904767,49200,49200,0.0,0.0,32,0,PAPER_ace_T50_seed13_d5_B3
5.484923616305151,0.4464285714285715,0,0,0.0,0.0,33,2,PAPER_ace_T50_seed13_d5_B3
4.269790192800373,0.38095238095238104,49200,49200,0.0,0.0,34,0,PAPER_ace_T50_seed13_d5_B3
4.368373821688931,0.0,0,0,0.0,0.0,35,2,PAPER_ace_T50_seed13_d5_B3
3.9330341454835342,0.0,49200,49200,0.0,0.0,36,0,PAPER_ace_T50_seed13_d5_B3
4.716556594612676,0.0,0,0,0.0,0.0,37,2,PAPER_ace_T50_seed13_d5_B3
3.813574760119939,0.0,49200,49200,0.0,0.0,38,0,PAPER_ace_T50_seed13_d5_B3
4.119940643118724,0.0,0,0,0.0,0.0,39,2,PAPER_ace_T50_seed13_d5_B3
3.8756715913433313,0.0,49200,49200,0.0,0.0,40,0,PAPER_ace_T50_seed13_d5_B3
4.159860059417907,0.0,0,0,0.0,0.0,41,2,PAPER_ace_T50_seed13_d5_B3
3.6294912856343005,0.0,49200,49200,0.0,0.0,42,0,PAPER_ace_T50_seed13_d5_B3
3.6356759313907623,0.0,0,0,0.0,0.0,43,2,PAPER_ace_T50_seed13_d5_B3
3.409738373400142,0.0,49200,49200,0.0,0.0,44,0,PAPER_ace_T50_seed13_d5_B3
3.302081241124411,0.0,0,0,0.0,0.0,45,2,PAPER_ace_T50_seed13_d5_B3
2.845546503168758,0.0,49200,49200,0.0,0.0,46,0,PAPER_ace_T50_seed13_d5_B3
2.9863489582533846,0.0,0,0,0.0,0.0,47,2,PAPER_ace_T50_seed13_d5_B3
2.7887560307998243,0.0,49200,49200,0.0,0.0,48,0,PAPER_ace_T50_seed13_d5_B3
2.890719759669796,0.0,0,0,0.0,0.0,49,2,PAPER_ace_T50_seed13_d5_B3
0.0,0.0,0,0,0.0,0.0,0,0,PAPER_dcas_T50_seed11_d5_B3
0.0,0.0,0,0,0.0,0.0,1,0,PAPER_dcas_T50_seed11_d5_B3
0.0,0.0,0,49200,0.0,0.0,2,0,PAPER_dcas_T50_seed11_d5_B3
0.0,1.0,0,0,0.0,0.0,3,2,PAPER_dcas_T50_seed11_d5_B3
0.0,1.0,0,49200,0.0,0.0,4,0,PAPER_dcas_T50_seed11_d5_B3
0.0,1.0,0,0,0.0,0.0,5,2,PAPER_dcas_T50_seed11_d5_B3
0.0,1.0,0,49200,0.0,0.0,6,0,PAPER_dcas_T50_seed11_d5_B3
0.0,1.0,0,0,0.0,0.0,7,2,PAPER_dcas_T50_seed11_d5_B3
4.0498966535837,0.9333333333333333,49200,49200,0.0,0.0,8,0,PAPER_dcas_T50_seed11_d5_B3
5.425527764774712,0.9666666666666667,0,0,0.0,0.0,9,2,PAPER_dcas_T50_seed11_d5_B3
3.9572388488518198,0.9333333333333333,49200,49200,0.0,0.0,10,0,PAPER_dcas_T50_seed11_d5_B3
9.259297976219253,1.0,0,0,0.0,0.0,11,2,PAPER_dcas_T50_seed11_d5_B3
8.946604365434602,1.0,49200,49200,0.0,0.0,12,0,PAPER_dcas_T50_seed11_d5_B3
6.434427517282414,0.9666666666666667,0,0,0.0,0.0,13,2,PAPER_dcas_T50_seed11_d5_B3
5.61751878448211,0.9083333333333334,49200,49200,0.0,0.0,14,0,PAPER_dcas_T50_seed11_d5_B3
5.501282749608654,0.8366666666666667,0,0,0.0,0.0,15,2,PAPER_dcas_T50_seed11_d5_B3
6.250997475217089,0.638095238095238,49200,49200,0.0,0.0,16,0,PAPER_dcas_T50_seed11_d5_B3
8.331140928618515,0.6998809523809524,0,0,0.0,0.0,17,2,PAPER_dcas_T50_seed11_d5_B3
6.781397314322524,0.5714285714285714,49200,49200,0.0,0.0,18,0,PAPER_dcas_T50_seed11_d5_B3
6.0030507287288035,0.5928571428571429,0,0,0.0,0.0,19,2,PAPER_dcas_T50_seed11_d5_B3
5.779037089119603,0.5261904761904761,49200,49200,0.0,0.0,20,0,PAPER_dcas_T50_seed11_d5_B3
5.789452917274513,0.5628571428571428,0,0,0.0,0.0,21,2,PAPER_dcas_T50_seed11_d5_B3
6.638604514204639,0.42142857142857143,49200,49200,0.0,0.0,22,0,PAPER_dcas_T50_seed11_d5_B3
7.057922833808796,0.5654761904761905,0,0,0.0,0.0,23,2,PAPER_dcas_T50_seed11_d5_B3
5.184721281271348,0.45238095238095233,49200,49200,0.0,0.0,24,0,PAPER_dcas_T50_seed11_d5_B3
5.5934607860629395,0.5416666666666667,0,0,0.0,0.0,25,2,PAPER_dcas_T50_seed11_d5_B3
5.3315926693956985,0.5178571428571429,49200,49200,0.0,0.0,26,0,PAPER_dcas_T50_seed11_d5_B3
6.216941206453619,0.12380952380952381,0,0,0.0,0.0,27,2,PAPER_dcas_T50_seed11_d5_B3
6.786150710678779,0.24761904761904768,49200,49200,0.0,0.0,28,0,PAPER_dcas_T50_seed11_d5_B3
4.4623568765889825,0.3238095238095239,0,0,0.0,0.0,29,2,PAPER_dcas_T50_seed11_d5_B3
4.21968936762959,0.29047619047619055,49200,49200,0.0,0.0,30,0,PAPER_dcas_T50_seed11_d5_B3
3.8037821615995053,0.34761904761904766,0,0,0.0,0.0,31,2,PAPER_dcas_T50_seed11_d5_B3
5.154649359457478,0.4047619047619049,49200,49200,0.0,0.0,32,0,PAPER_dcas_T50_seed11_d5_B3
5.300877396117729,0.38928571428571435,0,0,0.0,0.0,33,2,PAPER_dcas_T50_seed11_d5_B3
4.443465481823997,0.38928571428571435,49200,49200,0.0,0.0,34,0,PAPER_dcas_T50_seed11_d5_B3
5.254627662047507,0.0,0,0,0.0,0.0,35,2,PAPER_dcas_T50_seed11_d5_B3
4.998451489474844,0.0,49200,49200,0.0,0.0,36,0,PAPER_dcas_T50_seed11_d5_B3
8.40579334490793,0.0,0,0,0.0,0.0,37,2,PAPER_dcas_T50_seed11_d5_B3
7.074452686712136,0.0,49200,49200,0.0,0.0,38,0,PAPER_dcas_T50_seed11_d5_B3
5.306136908898261,0.0,0,0,0.0,0.0,39,2,PAPER_dcas_T50_seed11_d5_B3
4.805458218250067,0.0,49200,49200,0.0,0.0,40,0,PAPER_dcas_T50_seed11_d5_B3
3.8917709775991614,0.0,0,0,0.0,0.0,41,2,PAPER_dcas_T50_seed11_d5_B3
5.308911967215321,0.0,49200,49200,0.0,0.0,42,0,PAPER_dcas_T50_seed11_d5_B3
5.636757940284217,0.0,0,0,0.0,0.0,43,2,PAPER_dcas_T50_seed11_d5_B3
4.5138598400366625,0.0,49200,49200,0.0,0.0,44,0,PAPER_dcas_T50_seed11_d5_B3
5.218936729912465,0.0,0,0,0.0,0.0,45,2,PAPER_dcas_T50_seed11_d5_B3
4.029787040302665,0.0,49200,49200,0.0,0.0,46,0,PAPER_dcas_T50_seed11_d5_B3
4.661762182002127,0.0,0,0,0.0,0.0,47,2,PAPER_dcas_T50_seed11_d5_B3
4.505591144730049,0.0,49200,49200,0.0,0.0,48,0,PAPER_dcas_T50_seed11_d5_B3
3.7396842820429677,0.0,0,0,0.0,0.0,49,2,PAPER_dcas_T50_seed11_d5_B3
0.0,0.0,0,0,0.0,0.0,0,0,PAPER_dcas_T50_seed12_d5_B3
0.0,0.0,0,0,0.0,0.0,1,0,PAPER_dcas_T50_seed12_d5_B3
0.0,0.0,0,49200,0.0,0.0,2,0,PAPER_dcas_T50_seed12_d5_B3
0.0,1.0,0,0,0.0,0.0,3,2,PAPER_dcas_T50_seed12_d5_B3
0.0,1.0,0,49200,0.0,0.0,4,0,PAPER_dcas_T50_seed12_d5_B3
0.0,1.0,0,0,0.0,0.0,5,2,PAPER_dcas_T50_seed12_d5_B3
0.0,1.0,0,49200,0.0,0.0,6,0,PAPER_dcas_T50_seed12_d5_B3
0.0,1.0,0,0,0.0,0.0,7,2,PAPER_dcas_T50_seed12_d5_B3
4.300382754544281,1.0,49200,49200,0.0,0.0,8,0,PAPER_dcas_T50_seed12_d5_B3
3.965913024560133,0.9333333333333333,0,0,0.0,0.0,9,2,PAPER_dcas_T50_seed12_d5_B3
2.956921741774851,0.9666666666666667,49200,49200,0.0,0.0,10,0,PAPER_dcas_T50_seed12_d5_B3
3.387036941463235,1.0,0,0,0.0,0.0,11,2,PAPER_dcas_T50_seed12_d5_B3
3.319791727426626,0.9333333333333333,49200,49200,0.0,0.0,12,0,PAPER_dcas_T50_seed12_d5_B3
4.321530958855771,0.9333333333333333,0,0,0.0,0.0,13,2,PAPER_dcas_T50_seed12_d5_B3
4.751692062187502,0.875,49200,49200,0.0,0.0,14,0,PAPER_dcas_T50_seed12_d5_B3
5.507537621662959,0.8047619047619048,0,0,0.0,0.0,15,2,PAPER_dcas_T50_seed12_d5_B3
4.448923587077193,0.8047619047619048,49200,49200,0.0,0.0,16,0,PAPER_dcas_T50_seed12_d5_B3
5.050257333662,0.7880952380952382,0,0,0.0,0.0,17,2,PAPER_dcas_T50_seed12_d5_B3
4.0714092612584,0.5289285714285714,49200,49200,0.0,0.0,18,0,PAPER_dcas_T50_seed12_d5_B3
4.260799892587274,0.5803571428571428,0,0,0.0,0.0,19,2,PAPER_dcas_T50_seed12_d5_B3
3.7607617960129716,0.5202380952380954,49200,49200,0.0,0.0,20,0,PAPER_dcas_T50_seed12_d5_B3
4.013118384441034,0.3671428571428571,0,0,0.0,0.0,21,2,PAPER_dcas_T50_seed12_d5_B3
3.8983529656664326,0.42095238095238097,49200,49200,0.0,0.0,22,0,PAPER_dcas_T50_seed12_d5_B3
3.962194739323785,0.48404761904761906,0,0,0.0,0.0,23,2,PAPER_dcas_T50_seed12_d5_B3
3.5002420152557345,0.37142857142857144,49200,49200,0.0,0.0,24,0,PAPER_dcas_T50_seed12_d5_B3
3.5349815783509957,0.37142857142857144,0,0,0.0,0.0,25,2,PAPER_dcas_T50_seed12_d5_B3
3.530272965915297,0.36190476190476195,49200,49200,0.0,0.0,26,0,PAPER_dcas_T50_seed12_d5_B3
3.699341099278212,0.4273809523809524,0,0,0.0,0.0,27,2,PAPER_dcas_T50_seed12_d5_B3
3.21759138368512,0.3761904761904762,49200,49200,0.0,0.0,28,0,PAPER_dcas_T50_seed12_d5_B3
3.190933208795954,0.3047619047619048,0,0,0.0,0.0,29,2,PAPER_dcas_T50_seed12_d5_B3
2.4340870984880003,0.27142857142857146,49200,49200,0.0,0.0,30,0,PAPER_dcas_T50_seed12_d5_B3
2.9618432509799164,0.4285714285714286,0,0,0.0,0.0,31,2,PAPER_dcas_T50_seed12_d5_B3
2.6557297694226314,0.3476190476190476,49200,49200,0.0,0.0,32,0,PAPER_dcas_T50_seed12_d5_B3
2.5325876874028004,0.22380952380952382,0,0,0.0,0.0,33,2,PAPER_dcas_T50_seed12_d5_B3
2.373054025037564,0.24761904761904763,49200,49200,0.0,0.0,34,0,PAPER_dcas_T50_seed12_d5_B3
3.1006559586032507,0.0,0,0,0.0,0.0,35,2,PAPER_dcas_T50_seed12_d5_B3
3.1221757502497836,0.0,49200,49200,0.0,0.0,36,0,PAPER_dcas_T50_seed12_d5_B3
3.9938337010835276,0.0,0,0,0.0,0.0,37,2,PAPER_dcas_T50_seed12_d5_B3
3.657306042285287,0.0,49200,49200,0.0,0.0,38,0,PAPER_dcas_T50_seed12_d5_B3
3.5242898321926246,0.0,0,0,0.0,0.0,39,2,PAPER_dcas_T50_seed12_d5_B3
3.182679107004014,0.0,49200,49200,0.0,0.0,40,0,PAPER_dcas_T50_seed12_d5_B3
3.412241436206541,0.0,0,0,0.0,0.0,41,2,PAPER_dcas_T50_seed12_d5_B3
2.654511742505477,0.0,49200,49200,0.0,0.0,42,0,PAPER_dcas_T50_seed12_d5_B3
2.364928383816508,0.0,0,0,0.0,0.0,43,2,PAPER_dcas_T50_seed12_d5_B3
2.41705613259051,0.0,49200,49200,0.0,0.0,44,0,PAPER_dcas_T50_seed12_d5_B3
2.2935104307232583,0.0,0,0,0.0,0.0,45,2,PAPER_dcas_T50_seed12_d5_B3
2.3649620993343743,0.0,49200,49200,0.0,0.0,46,0,PAPER_dcas_T50_seed12_d5_B3
3.733915211172164,0.0,0,0,0.0,0.0,47,2,PAPER_dcas_T50_seed12_d5_B3
3.2403516082687993,0.0,49200,49200,0.0,0.0,48,0,PAPER_dcas_T50_seed12_d5_B3
2.7745143114697104,0.0,0,0,0.0,0.0,49,2,PAPER_dcas_T50_seed12_d5_B3
0.0,0.0,0,0,0.0,0.0,0,0,PAPER_dcas_T50_seed13_d5_B3
0.0,0.0,0,0,0.0,0.0,1,0,PAPER_dcas_T50_seed13_d5_B3
0.0,0.0,0,49200,0.0,0.0,2,0,PAPER_dcas_T50_seed13_d5_B3
0.0,1.0,0,0,0.0,0.0,3,2,PAPER_dcas_T50_seed13_d5_B3
0.0,1.0,0,49200,0.0,0.0,4,0,PAPER_dcas_T50_seed13_d5_B3
0.0,1.0,0,0,0.0,0.0,5,2,PAPER_dcas_T50_seed13_d5_B3
0.0,1.0,0,49200,0.0,0.0,6,0,PAPER_dcas_T50_seed13_d5_B3
0.0,1.0,0,0,0.0,0.0,7,2,PAPER_dcas_T50_seed13_d5_B3
4.5308296279805,0.9666666666666667,49200,49200,0.0,0.0,8,0,PAPER_dcas_T50_seed13_d5_B3
8.712713515753498,0.9333333333333333,0,0,0.0,0.0,9,2,PAPER_dcas_T50_seed13_d5_B3
7.65123637750875,0.9333333333333333,49200,49200,0.0,0.0,10,0,PAPER_dcas_T50_seed13_d5_B3
7.019482922354266,0.9666666666666667,0,0,0.0,0.0,11,2,PAPER_dcas_T50_seed13_d5_B3
6.692215179230857,0.9333333333333333,49200,49200,0.0,0.0,12,0,PAPER_dcas_T50_seed13_d5_B3
8.012347390040514,0.9000000000000001,0,0,0.0,0.0,13,2,PAPER_dcas_T50_seed13_d5_B3
8.756925464606226,0.875,49200,49200,0.0,0.0,14,0,PAPER_dcas_T50_seed13_d5_B3
10.290682381495245,0.8476190476190477,0,0,0.0,0.0,15,2,PAPER_dcas_T50_seed13_d5_B3
7.156404268916663,0.6452380952380953,49200,49200,0.0,0.0,16,0,PAPER_dcas_T50_seed13_d5_B3
7.957522082276698,0.6666666666666667,0,0,0.0,0.0,17,2,PAPER_dcas_T50_seed13_d5_B3
7.349760862620931,0.6271428571428571,49200,49200,0.0,0.0,18,0,PAPER_dcas_T50_seed13_d5_B3
8.232679576279278,0.562857142857143,0,0,0.0,0.0,19,2,PAPER_dcas_T50_seed13_d5_B3
6.929308954410253,0.3342857142857143,49200,49200,0.0,0.0,20,0,PAPER_dcas_T50_seed13_d5_B3
6.987125709693876,0.400952380952381,0,0,0.0,0.0,21,2,PAPER_dcas_T50_seed13_d5_B3
6.637672536711886,0.3476190476190477,49200,49200,0.0,0.0,22,0,PAPER_dcas_T50_seed13_d5_B3
6.918971043406128,0.45238095238095244,0,0,0.0,0.0,23,2,PAPER_dcas_T50_seed13_d5_B3
5.95596873744733,0.3714285714285715,49200,49200,0.0,0.0,24,0,PAPER_dcas_T50_seed13_d5_B3
7.6220215255610455,0.3714285714285715,0,0,0.0,0.0,25,2,PAPER_dcas_T50_seed13_d5_B3
7.1509288613752595,0.3285714285714286,49200,49200,0.0,0.0,26,0,PAPER_dcas_T50_seed13_d5_B3
5.926619715223726,0.25714285714285723,0,0,0.0,0.0,27,2,PAPER_dcas_T50_seed13_d5_B3
5.355959136597289,0.2666666666666667,49200,49200,0.0,0.0,28,0,PAPER_dcas_T50_seed13_d5_B3
8.598251141620771,0.5416666666666667,0,0,0.0,0.0,29,2,PAPER_dcas_T50_seed13_d5_B3
9.822586869800823,0.5,49200,49200,0.0,0.0,30,0,PAPER_dcas_T50_seed13_d5_B3
8.013720911743306,0.49999999999999994,0,0,0.0,0.0,31,2,PAPER_dcas_T50_seed13_d5_B3
5.919315019650724,0.49999999999999994,49200,49200,0.0,0.0,32,0,PAPER_dcas_T50_seed13_d5_B3
6.123179919241739,0.4845238095238096,0,0,0.0,0.0,33,2,PAPER_dcas_T50_seed13_d5_B3
7.009136137722079,0.42857142857142855,49200,49200,0.0,0.0,34,0,PAPER_dcas_T50_seed13_d5_B3
6.452497500015632,0.0,0,0,0.0,0.0,35,2,PAPER_dcas_T50_seed13_d5_B3
5.035601090202055,0.0,49200,49200,0.0,0.0,36,0,PAPER_dcas_T50_seed13_d5_B3
5.089526763171037,0.0,0,0,0.0,0.0,37,2,PAPER_dcas_T50_seed13_d5_B3
4.527786960294224,0.0,49200,49200,0.0,0.0,38,0,PAPER_dcas_T50_seed13_d5_B3
15.013732880652565,0.0,0,0,0.0,0.0,39,2,PAPER_dcas_T50_seed13_d5_B3
14.034799465865945,0.0,49200,49200,0.0,0.0,40,0,PAPER_dcas_T50_seed13_d5_B3
28.845910348133458,0.0,0,0,0.0,0.0,41,2,PAPER_dcas_T50_seed13_d5_B3
28.548640226594237,0.0,49200,49200,0.0,0.0,42,0,PAPER_dcas_T50_seed13_d5_B3
15.602506109123734,0.0,0,0,0.0,0.0,43,2,PAPER_dcas_T50_seed13_d5_B3
20.586674499138716,0.0,49200,49200,0.0,0.0,44,0,PAPER_dcas_T50_seed13_d5_B3
16.94407620086089,0.0,0,0,0.0,0.0,45,2,PAPER_dcas_T50_seed13_d5_B3
25.474574486713763,0.0,49200,49200,0.0,0.0,46,0,PAPER_dcas_T50_seed13_d5_B3
28.75801863258328,0.0,0,0,0.0,0.0,47,2,PAPER_dcas_T50_seed13_d5_B3
16.945020827746983,0.0,49200,49200,0.0,0.0,48,0,PAPER_dcas_T50_seed13_d5_B3
18.07004273680687,0.0,0,0,0.0,0.0,49,2,PAPER_dcas_T50_seed13_d5_B3
0.0,0.0,0,0,0.0,0.0,0,0,PAPER_dcasg_T50_seed11_d5_B3
0.0,0.0,0,0,0.0,0.0,1,0,PAPER_dcasg_T50_seed11_d5_B3
0.0,0.0,0,49200,0.0,0.0,2,0,PAPER_dcasg_T50_seed11_d5_B3
0.0,1.0,0,0,0.0,0.0,3,2,PAPER_dcasg_T50_seed11_d5_B3
0.0,1.0,0,49200,0.0,0.0,4,0,PAPER_dcasg_T50_seed11_d5_B3
0.0,1.0,0,0,0.0,0.0,5,2,PAPER_dcasg_T50_seed11_d5_B3
0.0,1.0,0,49200,0.0,0.0,6,0,PAPER_dcasg_T50_seed11_d5_B3
0.0,1.0,0,0,0.0,0.0,7,2,PAPER_dcasg_T50_seed11_d5_B3
3.9340647700048947,0.9666666666666667,49200,49200,0.0,0.0,8,0,PAPER_dcasg_T50_seed11_d5_B3
5.165789279564944,0.9666666666666667,0,0,0.0,0.0,9,2,PAPER_dcasg_T50_seed11_d5_B3
3.8118083514996393,0.9666666666666667,49200,49200,0.0,0.0,10,0,PAPER_dcasg_T50_seed11_d5_B3
7.772221789668564,1.0,0,0,0.0,0.0,11,2,PAPER_dcasg_T50_seed11_d5_B3
7.521796014978487,1.0,49200,49200,0.0,0.0,12,0,PAPER_dcasg_T50_seed11_d5_B3
5.386807055434458,0.9666666666666667,0,0,0.0,0.0,13,2,PAPER_dcasg_T50_seed11_d5_B3
4.9097345869183595,0.9083333333333334,49200,49200,0.0,0.0,14,0,PAPER_dcasg_T50_seed11_d5_B3
4.466863604519547,0.8366666666666667,0,0,0.0,0.0,15,2,PAPER_dcasg_T50_seed11_d5_B3
5.217633630921302,0.6595238095238094,49200,49200,0.0,0.0,16,0,PAPER_dcasg_T50_seed11_d5_B3
7.085014058751228,0.7352380952380952,0,0,0.0,0.0,17,2,PAPER_dcasg_T50_seed11_d5_B3
5.543722642375069,0.562857142857143,49200,49200,0.0,0.0,18,0,PAPER_dcasg_T50_seed11_d5_B3
5.265182327456015,0.5928571428571429,0,0,0.0,0.0,19,2,PAPER_dcasg_T50_seed11_d5_B3
4.71502618575992,0.4938095238095238,49200,49200,0.0,0.0,20,0,PAPER_dcasg_T50_seed11_d5_B3
5.002208613650604,0.5114285714285713,0,0,0.0,0.0,21,2,PAPER_dcasg_T50_seed11_d5_B3
4.856680234745242,0.45238095238095233,49200,49200,0.0,0.0,22,0,PAPER_dcasg_T50_seed11_d5_B3
5.1977436731815825,0.5416666666666666,0,0,0.0,0.0,23,2,PAPER_dcasg_T50_seed11_d5_B3
4.346006873614733,0.40476190476190477,49200,49200,0.0,0.0,24,0,PAPER_dcasg_T50_seed11_d5_B3
4.636636989357676,0.48809523809523814,0,0,0.0,0.0,25,2,PAPER_dcasg_T50_seed11_d5_B3
4.623623659193289,0.4214285714285715,49200,49200,0.0,0.0,26,0,PAPER_dcasg_T50_seed11_d5_B3
5.011623391517075,0.5595238095238095,0,0,0.0,0.0,27,2,PAPER_dcasg_T50_seed11_d5_B3
3.9226491773301055,0.5178571428571429,49200,49200,0.0,0.0,28,0,PAPER_dcasg_T50_seed11_d5_B3
4.334493079563428,0.3142857142857143,0,0,0.0,0.0,29,2,PAPER_dcasg_T50_seed11_d5_B3
3.880303937448904,0.2666666666666667,49200,49200,0.0,0.0,30,0,PAPER_dcasg_T50_seed11_d5_B3
3.4202727846938594,0.3571428571428572,0,0,0.0,0.0,31,2,PAPER_dcasg_T50_seed11_d5_B3
3.528701696673374,0.4523809523809524,49200,49200,0.0,0.0,32,0,PAPER_dcasg_T50_seed11_d5_B3
4.3653780990688045,0.3047619047619048,0,0,0.0,0.0,33,2,PAPER_dcasg_T50_seed11_d5_B3
4.542480044676159,0.22380952380952382,49200,49200,0.0,0.0,34,0,PAPER_dcasg_T50_seed11_d5_B3
3.8790595999894477,0.0,0,0,0.0,0.0,35,2,PAPER_dcasg_T50_seed11_d5_B3
3.775935372562309,0.0,49200,49200,0.0,0.0,36,0,PAPER_dcasg_T50_seed11_d5_B3
4.758223879810258,0.0,0,0,0.0,0.0,37,2,PAPER_dcasg_T50_seed11_d5_B3
4.847276368939976,0.0,49200,49200,0.0,0.0,38,0,PAPER_dcasg_T50_seed11_d5_B3
3.9944258553275986,0.0,0,0,0.0,0.0,39,2,PAPER_dcasg_T50_seed11_d5_B3
3.128680286595583,0.0,49200,49200,0.0,0.0,40,0,PAPER_dcasg_T50_seed11_d5_B3
3.2096157400660994,0.0,0,0,0.0,0.0,41,2,PAPER_dcasg_T50_seed11_d5_B3
3.254277934842129,0.0,49200,49200,0.0,0.0,42,0,PAPER_dcasg_T50_seed11_d5_B3
3.0824534253366185,0.0,0,0,0.0,0.0,43,2,PAPER_dcasg_T50_seed11_d5_B3
3.317438054689244,0.0,49200,49200,0.0,0.0,44,0,PAPER_dcasg_T50_seed11_d5_B3
3.3865132775254447,0.0,0,0,0.0,0.0,45,2,PAPER_dcasg_T50_seed11_d5_B3
3.4079556252415086,0.0,49200,49200,0.0,0.0,46,0,PAPER_dcasg_T50_seed11_d5_B3
3.6993445945892693,0.0,0,0,0.0,0.0,47,2,PAPER_dcasg_T50_seed11_d5_B3
2.508918846366824,0.0,49200,49200,0.0,0.0,48,0,PAPER_dcasg_T50_seed11_d5_B3
2.6367543727506706,0.0,0,0,0.0,0.0,49,2,PAPER_dcasg_T50_seed11_d5_B3
0.0,0.0,0,0,0.0,0.0,0,0,PAPER_dcasg_T50_seed12_d5_B3
0.0,0.0,0,0,0.0,0.0,1,0,PAPER_dcasg_T50_seed12_d5_B3
0.0,0.0,0,49200,0.0,0.0,2,0,PAPER_dcasg_T50_seed12_d5_B3
0.0,1.0,0,0,0.0,0.0,3,2,PAPER_dcasg_T50_seed12_d5_B3
0.0,1.0,0,49200,0.0,0.0,4,0,PAPER_dcasg_T50_seed12_d5_B3
0.0,1.0,0,0,0.0,0.0,5,2,PAPER_dcasg_T50_seed12_d5_B3
0.0,1.0,0,49200,0.0,0.0,6,0,PAPER_dcasg_T50_seed12_d5_B3
0.0,1.0,0,0,0.0,0.0,7,2,PAPER_dcasg_T50_seed12_d5_B3
4.826543748267608,1.0,49200,49200,0.0,0.0,8,0,PAPER_dcasg_T50_seed12_d5_B3
5.20671289910563,1.0,0,0,0.0,0.0,9,2,PAPER_dcasg_T50_seed12_d5_B3
3.503683763372494,1.0,49200,49200,0.0,0.0,10,0,PAPER_dcasg_T50_seed12_d5_B3
3.869176036297167,1.0,0,0,0.0,0.0,11,2,PAPER_dcasg_T50_seed12_d5_B3
2.706737523715027,0.9666666666666667,49200,49200,0.0,0.0,12,0,PAPER_dcasg_T50_seed12_d5_B3
4.530678560392898,0.9666666666666667,0,0,0.0,0.0,13,2,PAPER_dcasg_T50_seed12_d5_B3
3.966933385284255,0.775,49200,49200,0.0,0.0,14,0,PAPER_dcasg_T50_seed12_d5_B3
8.769535169959973,0.7642857142857145,0,0,0.0,0.0,15,2,PAPER_dcasg_T50_seed12_d5_B3
7.5659926359904155,0.661904761904762,49200,49200,0.0,0.0,16,0,PAPER_dcasg_T50_seed12_d5_B3
5.544277705989758,0.699404761904762,0,0,0.0,0.0,17,2,PAPER_dcasg_T50_seed12_d5_B3
5.32925789978676,0.62,49200,49200,0.0,0.0,18,0,PAPER_dcasg_T50_seed12_d5_B3
4.447651946499349,0.47000000000000003,0,0,0.0,0.0,19,2,PAPER_dcasg_T50_seed12_d5_B3
4.327138400567772,0.35714285714285715,49200,49200,0.0,0.0,20,0,PAPER_dcasg_T50_seed12_d5_B3
4.363968256876019,0.4226190476190476,0,0,0.0,0.0,21,2,PAPER_dcasg_T50_seed12_d5_B3
3.796723497256232,0.42500000000000004,49200,49200,0.0,0.0,22,0,PAPER_dcasg_T50_seed12_d5_B3
3.9232627044560577,0.5416666666666666,0,0,0.0,0.0,23,2,PAPER_dcasg_T50_seed12_d5_B3
3.333464357265375,0.5595238095238095,49200,49200,0.0,0.0,24,0,PAPER_dcasg_T50_seed12_d5_B3
3.662982078834665,0.544047619047619,0,0,0.0,0.0,25,2,PAPER_dcasg_T50_seed12_d5_B3
3.2368949480068663,0.5952380952380952,49200,49200,0.0,0.0,26,0,PAPER_dcasg_T50_seed12_d5_B3
3.3717326589063923,0.49999999999999994,0,0,0.0,0.0,27,2,PAPER_dcasg_T50_seed12_d5_B3
3.111138079951708,0.5357142857142857,49200,49200,0.0,0.0,28,0,PAPER_dcasg_T50_seed12_d5_B3
3.216325674591711,0.5178571428571428,0,0,0.0,0.0,29,2,PAPER_dcasg_T50_seed12_d5_B3
3.0490729486300534,0.4904761904761905,49200,49200,0.0,0.0,30,0,PAPER_dcasg_T50_seed12_d5_B3
3.5499866140460297,0.49999999999999994,0,0,0.0,0.0,31,2,PAPER_dcasg_T50_seed12_d5_B3
3.396751598476339,0.5595238095238095,49200,49200,0.0,0.0,32,0,PAPER_dcasg_T50_seed12_d5_B3
3.043260904315143,0.5476190476190476,0,0,0.0,0.0,33,2,PAPER_dcasg_T50_seed12_d5_B3
2.9334647232223325,0.5238095238095237,49200,49200,0.0,0.0,34,0,PAPER_dcasg_T50_seed12_d5_B3
3.661513530925933,0.0,0,0,0.0,0.0,35,2,PAPER_dcasg_T50_seed12_d5_B3
3.5657404628337748,0.0,49200,49200,0.0,0.0,36,0,PAPER_dcasg_T50_seed12_d5_B3
6.737349970889066,0.0,0,0,0.0,0.0,37,2,PAPER_dcasg_T50_seed12_d5_B3
6.636077932102124,0.0,49200,49200,0.0,0.0,38,0,PAPER_dcasg_T50_seed12_d5_B3
4.143326311235466,0.0,0,0,0.0,0.0,39,2,PAPER_dcasg_T50_seed12_d5_B3
3.521323729447216,0.0,49200,49200,0.0,0.0,40,0,PAPER_dcasg_T50_seed12_d5_B3
3.503342516314962,0.0,0,0,0.0,0.0,41,2,PAPER_dcasg_T50_seed12_d5_B3
5.3480521383759605,0.0,49200,49200,0.0,0.0,42,0,PAPER_dcasg_T50_seed12_d5_B3
6.57020969995745,0.0,0,0,0.0,0.0,43,2,PAPER_dcasg_T50_seed12_d5_B3
4.125901137765984,0.0,49200,49200,0.0,0.0,44,0,PAPER_dcasg_T50_seed12_d5_B3
4.310792614947148,0.0,0,0,0.0,0.0,45,2,PAPER_dcasg_T50_seed12_d5_B3
3.4707967553469756,0.0,49200,49200,0.0,0.0,46,0,PAPER_dcasg_T50_seed12_d5_B3
3.7179816177851706,0.0,0,0,0.0,0.0,47,2,PAPER_dcasg_T50_seed12_d5_B3
3.166034282005451,0.0,49200,49200,0.0,0.0,48,0,PAPER_dcasg_T50_seed12_d5_B3
3.397196198408752,0.0,0,0,0.0,0.0,49,2,PAPER_dcasg_T50_seed12_d5_B3
0.0,0.0,0,0,0.0,0.0,0,0,PAPER_dcasg_T50_seed13_d5_B3
0.0,0.0,0,0,0.0,0.0,1,0,PAPER_dcasg_T50_seed13_d5_B3
0.0,0.0,0,49200,0.0,0.0,2,0,PAPER_dcasg_T50_seed13_d5_B3
0.0,1.0,0,0,0.0,0.0,3,2,PAPER_dcasg_T50_seed13_d5_B3
0.0,1.0,0,49200,0.0,0.0,4,0,PAPER_dcasg_T50_seed13_d5_B3
0.0,1.0,0,0,0.0,0.0,5,2,PAPER_dcasg_T50_seed13_d5_B3
0.0,1.0,0,49200,0.0,0.0,6,0,PAPER_dcasg_T50_seed13_d5_B3
0.0,1.0,0,0,0.0,0.0,7,2,PAPER_dcasg_T50_seed13_d5_B3
3.6837542716877074,1.0,49200,49200,0.0,0.0,8,0,PAPER_dcasg_T50_seed13_d5_B3
6.853023693315235,1.0,0,0,0.0,0.0,9,2,PAPER_dcasg_T50_seed13_d5_B3
5.362608394389589,0.9666666666666667,49200,49200,0.0,0.0,10,0,PAPER_dcasg_T50_seed13_d5_B3
5.589892481020665,1.0,0,0,0.0,0.0,11,2,PAPER_dcasg_T50_seed13_d5_B3
5.685121207094457,1.0,49200,49200,0.0,0.0,12,0,PAPER_dcasg_T50_seed13_d5_B3
8.763988657126186,1.0,0,0,0.0,0.0,13,2,PAPER_dcasg_T50_seed13_d5_B3
7.227287958561245,0.875,49200,49200,0.0,0.0,14,0,PAPER_dcasg_T50_seed13_d5_B3
6.504528480406405,0.7704761904761905,0,0,0.0,0.0,15,2,PAPER_dcasg_T50_seed13_d5_B3
5.5377205613046705,0.7203571428571428,49200,49200,0.0,0.0,16,0,PAPER_dcasg_T50_seed13_d5_B3
5.6805065315795815,0.7354761904761905,0,0,0.0,0.0,17,2,PAPER_dcasg_T50_seed13_d5_B3
5.561231371058133,0.7279761904761906,49200,49200,0.0,0.0,18,0,PAPER_dcasg_T50_seed13_d5_B3
6.399441574388441,0.5523809523809524,0,0,0.0,0.0,19,2,PAPER_dcasg_T50_seed13_d5_B3
5.216064577191565,0.4423809523809523,49200,49200,0.0,0.0,20,0,PAPER_dcasg_T50_seed13_d5_B3
5.15581549919764,0.5057142857142857,0,0,0.0,0.0,21,2,PAPER_dcasg_T50_seed13_d5_B3
4.972124227431387,0.419047619047619,49200,49200,0.0,0.0,22,0,PAPER_dcasg_T50_seed13_d5_B3
5.442172735614784,0.44285714285714284,0,0,0.0,0.0,23,2,PAPER_dcasg_T50_seed13_d5_B3
4.881305885987482,0.37142857142857144,49200,49200,0.0,0.0,24,0,PAPER_dcasg_T50_seed13_d5_B3
5.326929594719321,0.4190476190476191,0,0,0.0,0.0,25,2,PAPER_dcasg_T50_seed13_d5_B3
4.00820955324762,0.3380952380952381,49200,49200,0.0,0.0,26,0,PAPER_dcasg_T50_seed13_d5_B3
4.409533163613433,0.38095238095238104,0,0,0.0,0.0,27,2,PAPER_dcasg_T50_seed13_d5_B3
4.058709210955939,0.3238095238095239,49200,49200,0.0,0.0,28,0,PAPER_dcasg_T50_seed13_d5_B3
4.627279574139479,0.33333333333333337,0,0,0.0,0.0,29,2,PAPER_dcasg_T50_seed13_d5_B3
4.608590716707484,0.2666666666666667,49200,49200,0.0,0.0,30,0,PAPER_dcasg_T50_seed13_d5_B3
4.812661278693783,0.46071428571428574,0,0,0.0,0.0,31,2,PAPER_dcasg_T50_seed13_d5_B3
3.5193488140719182,0.3857142857142857,49200,49200,0.0,0.0,32,0,PAPER_dcasg_T50_seed13_d5_B3
3.33874990927377,0.37142857142857144,0,0,0.0,0.0,33,2,PAPER_dcasg_T50_seed13_d5_B3
2.992244510069342,0.3238095238095239,49200,49200,0.0,0.0,34,0,PAPER_dcasg_T50_seed13_d5_B3
6.7712722926300515,0.0,0,0,0.0,0.0,35,2,PAPER_dcasg_T50_seed13_d5_B3
6.452326164359956,0.0,49200,49200,0.0,0.0,36,0,PAPER_dcasg_T50_seed13_d5_B3
3.853641442061911,0.0,0,0,0.0,0.0,37,2,PAPER_dcasg_T50_seed13_d5_B3
3.7312449533036256,0.0,49200,49200,0.0,0.0,38,0,PAPER_dcasg_T50_seed13_d5_B3
4.419961769076198,0.0,0,0,0.0,0.0,39,2,PAPER_dcasg_T50_seed13_d5_B3
5.9397242289551055,0.0,49200,49200,0.0,0.0,40,0,PAPER_dcasg_T50_seed13_d5_B3
5.7580824012731195,0.0,0,0,0.0,0.0,41,2,PAPER_dcasg_T50_seed13_d5_B3
4.092275958724084,0.0,49200,49200,0.0,0.0,42,0,PAPER_dcasg_T50_seed13_d5_B3
4.516296953031377,0.0,0,0,0.0,0.0,43,2,PAPER_dcasg_T50_seed13_d5_B3
4.6515343055392995,0.0,49200,49200,0.0,0.0,44,0,PAPER_dcasg_T50_seed13_d5_B3
5.0353419374600215,0.0,0,0,0.0,0.0,45,2,PAPER_dcasg_T50_seed13_d5_B3
4.9008590761073805,0.0,49200,49200,0.0,0.0,46,0,PAPER_dcasg_T50_seed13_d5_B3
4.595935587337771,0.0,0,0,0.0,0.0,47,2,PAPER_dcasg_T50_seed13_d5_B3
4.701027035944463,0.0,49200,49200,0.0,0.0,48,0,PAPER_dcasg_T50_seed13_d5_B3
4.08429859968887,0.0,0,0,0.0,0.0,49,2,PAPER_dcasg_T50_seed13_d5_B3
0.0,0.0,0,0,0.0,0.0,0,0,PAPER_obcmpc_T50_seed11_d5_B3_k2_h0
0.0,0.0,0,0,0.0,0.0,1,0,PAPER_obcmpc_T50_seed11_d5_B3_k2_h0
0.0,0.0,0,49200,0.0,0.0,2,0,PAPER_obcmpc_T50_seed11_d5_B3_k2_h0
0.0,1.0,0,0,0.0,0.0,3,2,PAPER_obcmpc_T50_seed11_d5_B3_k2_h0
0.0,1.0,0,49200,0.0,0.0,4,0,PAPER_obcmpc_T50_seed11_d5_B3_k2_h0
0.0,1.0,0,0,0.0,0.0,5,2,PAPER_obcmpc_T50_seed11_d5_B3_k2_h0
0.0,1.0,0,49200,0.0,0.0,6,0,PAPER_obcmpc_T50_seed11_d5_B3_k2_h0
0.0,1.0,0,0,0.0,0.0,7,2,PAPER_obcmpc_T50_seed11_d5_B3_k2_h0
3.4789505866681933,0.9333333333333333,49200,49200,0.0,0.0,8,0,PAPER_obcmpc_T50_seed11_d5_B3_k2_h0
3.562313548609068,0.9333333333333333,0,0,0.0,0.0,9,2,PAPER_obcmpc_T50_seed11_d5_B3_k2_h0
3.9455176638127583,0.8,49200,49200,0.0,0.0,10,0,PAPER_obcmpc_T50_seed11_d5_B3_k2_h0
4.365807757145738,0.9333333333333333,0,0,0.0,0.0,11,2,PAPER_obcmpc_T50_seed11_d5_B3_k2_h0
4.3548890909905404,0.8083333333333333,49200,49200,0.0,0.0,12,0,PAPER_obcmpc_T50_seed11_d5_B3_k2_h0
5.325625955772319,0.8083333333333333,0,0,0.0,0.0,13,2,PAPER_obcmpc_T50_seed11_d5_B3_k2_h0
5.3819151739870605,0.835,49200,49200,0.0,0.0,14,0,PAPER_obcmpc_T50_seed11_d5_B3_k2_h0
6.878184322927153,0.6136904761904762,0,0,0.0,0.0,15,2,PAPER_obcmpc_T50_seed11_d5_B3_k2_h0
6.277891227598863,0.4785714285714286,49200,49200,0.0,0.0,16,0,PAPER_obcmpc_T50_seed11_d5_B3_k2_h0
6.983972142434062,0.5295238095238095,0,0,0.0,0.0,17,2,PAPER_obcmpc_T50_seed11_d5_B3_k2_h0
5.981219649025611,0.4523809523809524,49200,49200,0.0,0.0,18,0,PAPER_obcmpc_T50_seed11_d5_B3_k2_h0
10.433002931990437,0.45238095238095233,0,0,0.0,0.0,19,2,PAPER_obcmpc_T50_seed11_d5_B3_k2_h0
10.281423490578238,0.5238095238095237,49200,49200,0.0,0.0,20,0,PAPER_obcmpc_T50_seed11_d5_B3_k2_h0
7.355267811889403,0.5654761904761905,0,0,0.0,0.0,21,2,PAPER_obcmpc_T50_seed11_d5_B3_k2_h0
7.166449503208403,0.47023809523809523,49200,49200,0.0,0.0,22,0,PAPER_obcmpc_T50_seed11_d5_B3_k2_h0
6.2712811462945925,0.5238095238095237,0,0,0.0,0.0,23,2,PAPER_obcmpc_T50_seed11_d5_B3_k2_h0
7.670110193344394,0.40476190476190477,49200,49200,0.0,0.0,24,0,PAPER_obcmpc_T50_seed11_d5_B3_k2_h0
8.456013273710449,0.48809523809523814,0,0,0.0,0.0,25,2,PAPER_obcmpc_T50_seed11_d5_B3_k2_h0
8.291258684257933,0.47023809523809523,49200,49200,0.0,0.0,26,0,PAPER_obcmpc_T50_seed11_d5_B3_k2_h0
8.309059797499376,0.41904761904761906,0,0,0.0,0.0,27,2,PAPER_obcmpc_T50_seed11_d5_B3_k2_h0
7.092127741969749,0.4047619047619049,49200,49200,0.0,0.0,28,0,PAPER_obcmpc_T50_seed11_d5_B3_k2_h0
7.485119963858896,0.42857142857142866,0,0,0.0,0.0,29,2,PAPER_obcmpc_T50_seed11_d5_B3_k2_h0
6.4012042159460165,0.5833333333333333,49200,49200,0.0,0.0,30,0,PAPER_obcmpc_T50_seed11_d5_B3_k2_h0
6.594016121891727,0.6964285714285714,0,0,0.0,0.0,31,2,PAPER_obcmpc_T50_seed11_d5_B3_k2_h0
6.044808363994771,0.6011904761904763,49200,49200,0.0,0.0,32,0,PAPER_obcmpc_T50_seed11_d5_B3_k2_h0
5.8313071891752255,0.5,0,0,0.0,0.0,33,2,PAPER_obcmpc_T50_seed11_d5_B3_k2_h0
5.6482831021625035,0.4047619047619049,49200,49200,0.0,0.0,34,0,PAPER_obcmpc_T50_seed11_d5_B3_k2_h0
5.5795996969643635,0.0,0,0,0.0,0.0,35,2,PAPER_obcmpc_T50_seed11_d5_B3_k2_h0
3.266458217167064,0.0,49200,49200,0.0,0.0,36,0,PAPER_obcmpc_T50_seed11_d5_B3_k2_h0
4.073180419718292,0.0,0,0,0.0,0.0,37,2,PAPER_obcmpc_T50_seed11_d5_B3_k2_h0
3.791003371623445,0.0,49200,49200,0.0,0.0,38,0,PAPER_obcmpc_T50_seed11_d5_B3_k2_h0
3.38547931374627,0.0,0,0,0.0,0.0,39,2,PAPER_obcmpc_T50_seed11_d5_B3_k2_h0
3.0892436277276403,0.0,49200,49200,0.0,0.0,40,0,PAPER_obcmpc_T50_seed11_d5_B3_k2_h0
3.2532592278066903,0.0,0,0,0.0,0.0,41,2,PAPER_obcmpc_T50_seed11_d5_B3_k2_h0
2.622884599489521,0.0,49200,49200,0.0,0.0,42,0,PAPER_obcmpc_T50_seed11_d5_B3_k2_h0
3.230947377179371,0.0,0,0,0.0,0.0,43,2,PAPER_obcmpc_T50_seed11_d5_B3_k2_h0
2.887356518130167,0.0,49200,49200,0.0,0.0,44,0,PAPER_obcmpc_T50_seed11_d5_B3_k2_h0
6.354998449264676,0.0,0,0,0.0,0.0,45,2,PAPER_obcmpc_T50_seed11_d5_B3_k2_h0
6.654981170692631,0.0,49200,49200,0.0,0.0,46,0,PAPER_obcmpc_T50_seed11_d5_B3_k2_h0
4.033215066214705,0.0,0,0,0.0,0.0,47,2,PAPER_obcmpc_T50_seed11_d5_B3_k2_h0
3.8947271349980483,0.0,49200,49200,0.0,0.0,48,0,PAPER_obcmpc_T50_seed11_d5_B3_k2_h0
2.903590293820621,0.0,0,0,0.0,0.0,49,2,PAPER_obcmpc_T50_seed11_d5_B3_k2_h0
0.0,0.0,0,0,0.0,0.0,0,0,PAPER_obcmpc_T50_seed12_d5_B3_k2_h0
0.0,0.0,0,0,0.0,0.0,1,0,PAPER_obcmpc_T50_seed12_d5_B3_k2_h0
0.0,0.0,0,49200,0.0,0.0,2,0,PAPER_obcmpc_T50_seed12_d5_B3_k2_h0
0.0,1.0,0,0,0.0,0.0,3,2,PAPER_obcmpc_T50_seed12_d5_B3_k2_h0
0.0,1.0,0,49200,0.0,0.0,4,0,PAPER_obcmpc_T50_seed12_d5_B3_k2_h0
0.0,1.0,0,0,0.0,0.0,5,2,PAPER_obcmpc_T50_seed12_d5_B3_k2_h0
0.0,1.0,0,49200,0.0,0.0,6,0,PAPER_obcmpc_T50_seed12_d5_B3_k2_h0
0.0,1.0,0,0,0.0,0.0,7,2,PAPER_obcmpc_T50_seed12_d5_B3_k2_h0
1.7391676951051185,0.9000000000000001,49200,49200,0.0,0.0,8,0,PAPER_obcmpc_T50_seed12_d5_B3_k2_h0
2.755363771916686,0.9666666666666667,0,0,0.0,0.0,9,2,PAPER_obcmpc_T50_seed12_d5_B3_k2_h0
3.114380214651149,0.8666666666666668,49200,49200,0.0,0.0,10,0,PAPER_obcmpc_T50_seed12_d5_B3_k2_h0
5.254217244043597,0.9000000000000001,0,0,0.0,0.0,11,2,PAPER_obcmpc_T50_seed12_d5_B3_k2_h0
5.257257649506997,0.7583333333333333,49200,49200,0.0,0.0,12,0,PAPER_obcmpc_T50_seed12_d5_B3_k2_h0
4.674500446622295,0.6916666666666667,0,0,0.0,0.0,13,2,PAPER_obcmpc_T50_seed12_d5_B3_k2_h0
4.156663217108619,0.7250000000000001,49200,49200,0.0,0.0,14,0,PAPER_obcmpc_T50_seed12_d5_B3_k2_h0
6.080319134124622,0.5757142857142857,0,0,0.0,0.0,15,2,PAPER_obcmpc_T50_seed12_d5_B3_k2_h0
4.435100047430426,0.29333333333333333,49200,49200,0.0,0.0,16,0,PAPER_obcmpc_T50_seed12_d5_B3_k2_h0
4.703674840316611,0.3621428571428571,0,0,0.0,0.0,17,2,PAPER_obcmpc_T50_seed12_d5_B3_k2_h0
4.39118573840482,0.42500000000000004,49200,49200,0.0,0.0,18,0,PAPER_obcmpc_T50_seed12_d5_B3_k2_h0
4.480575937889286,0.4785714285714286,0,0,0.0,0.0,19,2,PAPER_obcmpc_T50_seed12_d5_B3_k2_h0
4.474566570822968,0.4842857142857143,49200,49200,0.0,0.0,20,0,PAPER_obcmpc_T50_seed12_d5_B3_k2_h0
6.149873254512519,0.5416666666666667,0,0,0.0,0.0,21,2,PAPER_obcmpc_T50_seed12_d5_B3_k2_h0
5.549162857244628,0.3554761904761905,49200,49200,0.0,0.0,22,0,PAPER_obcmpc_T50_seed12_d5_B3_k2_h0
4.906775030040558,0.3492857142857143,0,0,0.0,0.0,23,2,PAPER_obcmpc_T50_seed12_d5_B3_k2_h0
4.104869466134538,0.31714285714285717,49200,49200,0.0,0.0,24,0,PAPER_obcmpc_T50_seed12_d5_B3_k2_h0
4.547709363485128,0.47261904761904766,0,0,0.0,0.0,25,2,PAPER_obcmpc_T50_seed12_d5_B3_k2_h0
4.087433221069833,0.41880952380952385,49200,49200,0.0,0.0,26,0,PAPER_obcmpc_T50_seed12_d5_B3_k2_h0
4.197436829079525,0.49047619047619045,0,0,0.0,0.0,27,2,PAPER_obcmpc_T50_seed12_d5_B3_k2_h0
3.997177514179045,0.419047619047619,49200,49200,0.0,0.0,28,0,PAPER_obcmpc_T50_seed12_d5_B3_k2_h0
4.243593027231349,0.42857142857142866,0,0,0.0,0.0,29,2,PAPER_obcmpc_T50_seed12_d5_B3_k2_h0
3.4601607957027136,0.3476190476190476,49200,49200,0.0,0.0,30,0,PAPER_obcmpc_T50_seed12_d5_B3_k2_h0
6.052234540204243,0.6369047619047619,0,0,0.0,0.0,31,2,PAPER_obcmpc_T50_seed12_d5_B3_k2_h0
5.629860943264015,0.5952380952380951,49200,49200,0.0,0.0,32,0,PAPER_obcmpc_T50_seed12_d5_B3_k2_h0
3.9545786550872672,0.4285714285714286,0,0,0.0,0.0,33,2,PAPER_obcmpc_T50_seed12_d5_B3_k2_h0
3.976370765893635,0.4464285714285714,49200,49200,0.0,0.0,34,0,PAPER_obcmpc_T50_seed12_d5_B3_k2_h0
3.632660372519,0.0,0,0,0.0,0.0,35,2,PAPER_obcmpc_T50_seed12_d5_B3_k2_h0
5.821447884523901,0.0,49200,49200,0.0,0.0,36,0,PAPER_obcmpc_T50_seed12_d5_B3_k2_h0
6.338965201155794,0.0,0,0,0.0,0.0,37,2,PAPER_obcmpc_T50_seed12_d5_B3_k2_h0
4.74317195256139,0.0,49200,49200,0.0,0.0,38,0,PAPER_obcmpc_T50_seed12_d5_B3_k2_h0
4.60612936884989,0.0,0,0,0.0,0.0,39,2,PAPER_obcmpc_T50_seed12_d5_B3_k2_h0
3.5758041290166975,0.0,49200,49200,0.0,0.0,40,0,PAPER_obcmpc_T50_seed12_d5_B3_k2_h0
3.9827052335721898,0.0,0,0,0.0,0.0,41,2,PAPER_obcmpc_T50_seed12_d5_B3_k2_h0
2.746910137283675,0.0,49200,49200,0.0,0.0,42,0,PAPER_obcmpc_T50_seed12_d5_B3_k2_h0
2.8107283114758785,0.0,0,0,0.0,0.0,43,2,PAPER_obcmpc_T50_seed12_d5_B3_k2_h0
2.5064126783340406,0.0,49200,49200,0.0,0.0,44,0,PAPER_obcmpc_T50_seed12_d5_B3_k2_h0
5.55945434809958,0.0,0,0,0.0,0.0,45,2,PAPER_obcmpc_T50_seed12_d5_B3_k2_h0
5.636036057102313,0.0,49200,49200,0.0,0.0,46,0,PAPER_obcmpc_T50_seed12_d5_B3_k2_h0
3.582960034618547,0.0,0,0,0.0,0.0,47,2,PAPER_obcmpc_T50_seed12_d5_B3_k2_h0
3.350886660631211,0.0,49200,49200,0.0,0.0,48,0,PAPER_obcmpc_T50_seed12_d5_B3_k2_h0
2.5293952674714326,0.0,0,0,0.0,0.0,49,2,PAPER_obcmpc_T50_seed12_d5_B3_k2_h0
0.0,0.0,0,0,0.0,0.0,0,0,PAPER_obcmpc_T50_seed13_d5_B3_k2_h0
0.0,0.0,0,0,0.0,0.0,1,0,PAPER_obcmpc_T50_seed13_d5_B3_k2_h0
0.0,0.0,0,49200,0.0,0.0,2,0,PAPER_obcmpc_T50_seed13_d5_B3_k2_h0
0.0,1.0,0,0,0.0,0.0,3,2,PAPER_obcmpc_T50_seed13_d5_B3_k2_h0
0.0,1.0,0,49200,0.0,0.0,4,0,PAPER_obcmpc_T50_seed13_d5_B3_k2_h0
0.0,1.0,0,0,0.0,0.0,5,2,PAPER_obcmpc_T50_seed13_d5_B3_k2_h0
0.0,1.0,0,49200,0.0,0.0,6,0,PAPER_obcmpc_T50_seed13_d5_B3_k2_h0
0.0,1.0,0,0,0.0,0.0,7,2,PAPER_obcmpc_T50_seed13_d5_B3_k2_h0
2.630651399213976,0.9666666666666667,49200,49200,0.0,0.0,8,0,PAPER_obcmpc_T50_seed13_d5_B3_k2_h0
4.382233652085317,0.9333333333333333,0,0,0.0,0.0,9,2,PAPER_obcmpc_T50_seed13_d5_B3_k2_h0
5.130153680486582,0.9416666666666667,49200,49200,0.0,0.0,10,0,PAPER_obcmpc_T50_seed13_d5_B3_k2_h0
4.213751909624481,0.9416666666666667,0,0,0.0,0.0,11,2,PAPER_obcmpc_T50_seed13_d5_B3_k2_h0
4.1142599781166815,0.7250000000000001,49200,49200,0.0,0.0,12,0,PAPER_obcmpc_T50_seed13_d5_B3_k2_h0
4.989938593225045,0.7250000000000001,0,0,0.0,0.0,13,2,PAPER_obcmpc_T50_seed13_d5_B3_k2_h0
4.731871350922184,0.5250000000000001,49200,49200,0.0,0.0,14,0,PAPER_obcmpc_T50_seed13_d5_B3_k2_h0
5.220463686662349,0.5809523809523811,0,0,0.0,0.0,15,2,PAPER_obcmpc_T50_seed13_d5_B3_k2_h0
4.98195721885698,0.5428571428571428,49200,49200,0.0,0.0,16,0,PAPER_obcmpc_T50_seed13_d5_B3_k2_h0
5.136636622291359,0.5166666666666666,0,0,0.0,0.0,17,2,PAPER_obcmpc_T50_seed13_d5_B3_k2_h0
4.597699424918808,0.4047619047619049,49200,49200,0.0,0.0,18,0,PAPER_obcmpc_T50_seed13_d5_B3_k2_h0
5.000154149157998,0.38095238095238104,0,0,0.0,0.0,19,2,PAPER_obcmpc_T50_seed13_d5_B3_k2_h0
4.509199669870403,0.3142857142857143,49200,49200,0.0,0.0,20,0,PAPER_obcmpc_T50_seed13_d5_B3_k2_h0
4.910162602129674,0.3476190476190476,0,0,0.0,0.0,21,2,PAPER_obcmpc_T50_seed13_d5_B3_k2_h0
4.556320575745493,0.4369047619047619,49200,49200,0.0,0.0,22,0,PAPER_obcmpc_T50_seed13_d5_B3_k2_h0
4.785789644661147,0.380952380952381,0,0,0.0,0.0,23,2,PAPER_obcmpc_T50_seed13_d5_B3_k2_h0
4.2128489985011965,0.45238095238095233,49200,49200,0.0,0.0,24,0,PAPER_obcmpc_T50_seed13_d5_B3_k2_h0
4.5571418565922635,0.45238095238095233,0,0,0.0,0.0,25,2,PAPER_obcmpc_T50_seed13_d5_B3_k2_h0
4.175288430285209,0.35714285714285715,49200,49200,0.0,0.0,26,0,PAPER_obcmpc_T50_seed13_d5_B3_k2_h0
3.8329391090736626,0.23809523809523808,0,0,0.0,0.0,27,2,PAPER_obcmpc_T50_seed13_d5_B3_k2_h0
3.2994296760909316,0.2,49200,49200,0.0,0.0,28,0,PAPER_obcmpc_T50_seed13_d5_B3_k2_h0
5.925008229431327,0.40714285714285714,0,0,0.0,0.0,29,2,PAPER_obcmpc_T50_seed13_d5_B3_k2_h0
5.479818221753317,0.4785714285714286,49200,49200,0.0,0.0,30,0,PAPER_obcmpc_T50_seed13_d5_B3_k2_h0
4.5889423397203695,0.5178571428571428,0,0,0.0,0.0,31,2,PAPER_obcmpc_T50_seed13_d5_B3_k2_h0
4.1844251577032985,0.42261904761904767,49200,49200,0.0,0.0,32,0,PAPER_obcmpc_T50_seed13_d5_B3_k2_h0
4.487268140498093,0.38095238095238093,0,0,0.0,0.0,33,2,PAPER_obcmpc_T50_seed13_d5_B3_k2_h0
4.261369344406503,0.3476190476190477,49200,49200,0.0,0.0,34,0,PAPER_obcmpc_T50_seed13_d5_B3_k2_h0
3.3221962693834692,0.0,0,0,0.0,0.0,35,2,PAPER_obcmpc_T50_seed13_d5_B3_k2_h0
3.2726845333464154,0.0,49200,49200,0.0,0.0,36,0,PAPER_obcmpc_T50_seed13_d5_B3_k2_h0
3.415786136932761,0.0,0,0,0.0,0.0,37,2,PAPER_obcmpc_T50_seed13_d5_B3_k2_h0
4.269839780772612,0.0,49200,49200,0.0,0.0,38,0,PAPER_obcmpc_T50_seed13_d5_B3_k2_h0
4.89519581911088,0.0,0,0,0.0,0.0,39,2,PAPER_obcmpc_T50_seed13_d5_B3_k2_h0
3.8386041494285212,0.0,49200,49200,0.0,0.0,40,0,PAPER_obcmpc_T50_seed13_d5_B3_k2_h0
3.8172852257197265,0.0,0,0,0.0,0.0,41,2,PAPER_obcmpc_T50_seed13_d5_B3_k2_h0
3.3426467742581747,0.0,49200,49200,0.0,0.0,42,0,PAPER_obcmpc_T50_seed13_d5_B3_k2_h0
3.6343279567466773,0.0,0,0,0.0,0.0,43,2,PAPER_obcmpc_T50_seed13_d5_B3_k2_h0
2.691833185808794,0.0,49200,49200,0.0,0.0,44,0,PAPER_obcmpc_T50_seed13_d5_B3_k2_h0
3.4116453929331625,0.0,0,0,0.0,0.0,45,2,PAPER_obcmpc_T50_seed13_d5_B3_k2_h0
3.1516191913131606,0.0,49200,49200,0.0,0.0,46,0,PAPER_obcmpc_T50_seed13_d5_B3_k2_h0
3.164346733695698,0.0,0,0,0.0,0.0,47,2,PAPER_obcmpc_T50_seed13_d5_B3_k2_h0
2.7792984340580285,0.0,49200,49200,0.0,0.0,48,0,PAPER_obcmpc_T50_seed13_d5_B3_k2_h0
3.002755331048361,0.0,0,0,0.0,0.0,49,2,PAPER_obcmpc_T50_seed13_d5_B3_k2_h0
0.0,0.0,0,0,0.0,0.0,0,0,PAPER_oracle_T50_seed11
0.0,0.0,0,0,0.0,0.0,1,0,PAPER_oracle_T50_seed11
0.0,0.0,0,0,0.0,0.0,2,0,PAPER_oracle_T50_seed11
0.0,0.0,0,0,0.0,0.0,3,0,PAPER_oracle_T50_seed11
0.0,0.0,0,0,0.0,0.0,4,0,PAPER_oracle_T50_seed11
0.0,0.0,0,0,0.0,0.0,5,0,PAPER_oracle_T50_seed11
0.0,0.0,0,0,0.0,0.0,6,0,PAPER_oracle_T50_seed11
0.0,0.0,0,0,0.0,0.0,7,0,PAPER_oracle_T50_seed11
0.0,0.0,0,0,0.0,0.0,8,0,PAPER_oracle_T50_seed11
0.0,0.0,0,0,0.0,0.0,9,0,PAPER_oracle_T50_seed11
0.0,0.0,0,0,0.0,0.0,10,0,PAPER_oracle_T50_seed11
0.0,0.0,0,0,0.0,0.0,11,0,PAPER_oracle_T50_seed11
0.0,0.0,0,0,0.0,0.0,12,0,PAPER_oracle_T50_seed11
0.0,0.0,0,0,0.0,0.0,13,0,PAPER_oracle_T50_seed11
0.0,0.0,0,0,0.0,0.0,14,0,PAPER_oracle_T50_seed11
0.0,0.0,0,0,0.0,0.0,15,0,PAPER_oracle_T50_seed11
0.0,0.0,0,0,0.0,0.0,16,0,PAPER_oracle_T50_seed11
0.0,0.0,0,0,0.0,0.0,17,0,PAPER_oracle_T50_seed11
0.0,0.0,0,0,0.0,0.0,18,0,PAPER_oracle_T50_seed11
0.0,0.0,0,0,0.0,0.0,19,0,PAPER_oracle_T50_seed11
0.0,0.0,0,0,0.0,0.0,20,0,PAPER_oracle_T50_seed11
0.0,0.0,0,0,0.0,0.0,21,0,PAPER_oracle_T50_seed11
0.0,0.0,0,0,0.0,0.0,22,0,PAPER_oracle_T50_seed11
0.0,0.0,0,0,0.0,0.0,23,0,PAPER_oracle_T50_seed11
0.0,0.0,0,0,0.0,0.0,24,0,PAPER_oracle_T50_seed11
0.0,0.0,0,0,0.0,0.0,25,0,PAPER_oracle_T50_seed11
0.0,0.0,0,0,0.0,0.0,26,0,PAPER_oracle_T50_seed11
0.0,0.0,0,0,0.0,0.0,27,0,PAPER_oracle_T50_seed11
0.0,0.0,0,0,0.0,0.0,28,0,PAPER_oracle_T50_seed11
0.0,0.0,0,0,0.0,0.0,29,0,PAPER_oracle_T50_seed11
0.0,0.0,0,0,0.0,0.0,30,0,PAPER_oracle_T50_seed11
0.0,0.0,0,0,0.0,0.0,31,0,PAPER_oracle_T50_seed11
0.0,0.0,0,0,0.0,0.0,32,0,PAPER_oracle_T50_seed11
0.0,0.0,0,0,0.0,0.0,33,0,PAPER_oracle_T50_seed11
0.0,0.0,0,0,0.0,0.0,34,0,PAPER_oracle_T50_seed11
0.0,0.0,0,0,0.0,0.0,35,0,PAPER_oracle_T50_seed11
0.0,0.0,0,0,0.0,0.0,36,0,PAPER_oracle_T50_seed11
0.0,0.0,0,0,0.0,0.0,37,0,PAPER_oracle_T50_seed11
0.0,0.0,0,0,0.0,0.0,38,0,PAPER_oracle_T50_seed11
0.0,0.0,0,0,0.0,0.0,39,0,PAPER_oracle_T50_seed11
0.0,0.0,0,0,0.0,0.0,40,0,PAPER_oracle_T50_seed11
0.0,0.0,0,0,0.0,0.0,41,0,PAPER_oracle_T50_seed11
0.0,0.0,0,0,0.0,0.0,42,0,PAPER_oracle_T50_seed11
0.0,0.0,0,0,0.0,0.0,43,0,PAPER_oracle_T50_seed11
0.0,0.0,0,0,0.0,0.0,44,0,PAPER_oracle_T50_seed11
0.0,0.0,0,0,0.0,0.0,45,0,PAPER_oracle_T50_seed11
0.0,0.0,0,0,0.0,0.0,46,0,PAPER_oracle_T50_seed11
0.0,0.0,0,0,0.0,0.0,47,0,PAPER_oracle_T50_seed11
0.0,0.0,0,0,0.0,0.0,48,0,PAPER_oracle_T50_seed11
0.0,0.0,0,0,0.0,0.0,49,0,PAPER_oracle_T50_seed11
0.0,0.0,0,0,0.0,0.0,0,0,PAPER_oracle_T50_seed12
0.0,0.0,0,0,0.0,0.0,1,0,PAPER_oracle_T50_seed12
0.0,0.0,0,0,0.0,0.0,2,0,PAPER_oracle_T50_seed12
0.0,0.0,0,0,0.0,0.0,3,0,PAPER_oracle_T50_seed12
0.0,0.0,0,0,0.0,0.0,4,0,PAPER_oracle_T50_seed12
0.0,0.0,0,0,0.0,0.0,5,0,PAPER_oracle_T50_seed12
0.0,0.0,0,0,0.0,0.0,6,0,PAPER_oracle_T50_seed12
0.0,0.0,0,0,0.0,0.0,7,0,PAPER_oracle_T50_seed12
0.0,0.0,0,0,0.0,0.0,8,0,PAPER_oracle_T50_seed12
0.0,0.0,0,0,0.0,0.0,9,0,PAPER_oracle_T50_seed12
0.0,0.0,0,0,0.0,0.0,10,0,PAPER_oracle_T50_seed12
0.0,0.0,0,0,0.0,0.0,11,0,PAPER_oracle_T50_seed12
0.0,0.0,0,0,0.0,0.0,12,0,PAPER_oracle_T50_seed12
0.0,0.0,0,0,0.0,0.0,13,0,PAPER_oracle_T50_seed12
0.0,0.0,0,0,0.0,0.0,14,0,PAPER_oracle_T50_seed12
0.0,0.0,0,0,0.0,0.0,15,0,PAPER_oracle_T50_seed12
0.0,0.0,0,0,0.0,0.0,16,0,PAPER_oracle_T50_seed12
0.0,0.0,0,0,0.0,0.0,17,0,PAPER_oracle_T50_seed12
0.0,0.0,0,0,0.0,0.0,18,0,PAPER_oracle_T50_seed12
0.0,0.0,0,0,0.0,0.0,19,0,PAPER_oracle_T50_seed12
0.0,0.0,0,0,0.0,0.0,20,0,PAPER_oracle_T50_seed12
0.0,0.0,0,0,0.0,0.0,21,0,PAPER_oracle_T50_seed12
0.0,0.0,0,0,0.0,0.0,22,0,PAPER_oracle_T50_seed12
0.0,0.0,0,0,0.0,0.0,23,0,PAPER_oracle_T50_seed12
0.0,0.0,0,0,0.0,0.0,24,0,PAPER_oracle_T50_seed12
0.0,0.0,0,0,0.0,0.0,25,0,PAPER_oracle_T50_seed12
0.0,0.0,0,0,0.0,0.0,26,0,PAPER_oracle_T50_seed12
0.0,0.0,0,0,0.0,0.0,27,0,PAPER_oracle_T50_seed12
0.0,0.0,0,0,0.0,0.0,28,0,PAPER_oracle_T50_seed12
0.0,0.0,0,0,0.0,0.0,29,0,PAPER_oracle_T50_seed12
0.0,0.0,0,0,0.0,0.0,30,0,PAPER_oracle_T50_seed12
0.0,0.0,0,0,0.0,0.0,31,0,PAPER_oracle_T50_seed12
0.0,0.0,0,0,0.0,0.0,32,0,PAPER_oracle_T50_seed12
0.0,0.0,0,0,0.0,0.0,33,0,PAPER_oracle_T50_seed12
0.0,0.0,0,0,0.0,0.0,34,0,PAPER_oracle_T50_seed12
0.0,0.0,0,0,0.0,0.0,35,0,PAPER_oracle_T50_seed12
0.0,0.0,0,0,0.0,0.0,36,0,PAPER_oracle_T50_seed12
0.0,0.0,0,0,0.0,0.0,37,0,PAPER_oracle_T50_seed12
0.0,0.0,0,0,0.0,0.0,38,0,PAPER_oracle_T50_seed12
0.0,0.0,0,0,0.0,0.0,39,0,PAPER_oracle_T50_seed12
0.0,0.0,0,0,0.0,0.0,40,0,PAPER_oracle_T50_seed12
0.0,0.0,0,0,0.0,0.0,41,0,PAPER_oracle_T50_seed12
0.0,0.0,0,0,0.0,0.0,42,0,PAPER_oracle_T50_seed12
0.0,0.0,0,0,0.0,0.0,43,0,PAPER_oracle_T50_seed12
0.0,0.0,0,0,0.0,0.0,44,0,PAPER_oracle_T50_seed12
0.0,0.0,0,0,0.0,0.0,45,0,PAPER_oracle_T50_seed12
0.0,0.0,0,0,0.0,0.0,46,0,PAPER_oracle_T50_seed12
0.0,0.0,0,0,0.0,0.0,47,0,PAPER_oracle_T50_seed12
0.0,0.0,0,0,0.0,0.0,48,0,PAPER_oracle_T50_seed12
0.0,0.0,0,0,0.0,0.0,49,0,PAPER_oracle_T50_seed12
0.0,0.0,0,0,0.0,0.0,0,0,PAPER_oracle_T50_seed13
0.0,0.0,0,0,0.0,0.0,1,0,PAPER_oracle_T50_seed13
0.0,0.0,0,0,0.0,0.0,2,0,PAPER_oracle_T50_seed13
0.0,0.0,0,0,0.0,0.0,3,0,PAPER_oracle_T50_seed13
0.0,0.0,0,0,0.0,0.0,4,0,PAPER_oracle_T50_seed13
0.0,0.0,0,0,0.0,0.0,5,0,PAPER_oracle_T50_seed13
0.0,0.0,0,0,0.0,0.0,6,0,PAPER_oracle_T50_seed13
0.0,0.0,0,0,0.0,0.0,7,0,PAPER_oracle_T50_seed13
0.0,0.0,0,0,0.0,0.0,8,0,PAPER_oracle_T50_seed13
0.0,0.0,0,0,0.0,0.0,9,0,PAPER_oracle_T50_seed13
0.0,0.0,0,0,0.0,0.0,10,0,PAPER_oracle_T50_seed13
0.0,0.0,0,0,0.0,0.0,11,0,PAPER_oracle_T50_seed13
0.0,0.0,0,0,0.0,0.0,12,0,PAPER_oracle_T50_seed13
0.0,0.0,0,0,0.0,0.0,13,0,PAPER_oracle_T50_seed13
0.0,0.0,0,0,0.0,0.0,14,0,PAPER_oracle_T50_seed13
0.0,0.0,0,0,0.0,0.0,15,0,PAPER_oracle_T50_seed13
0.0,0.0,0,0,0.0,0.0,16,0,PAPER_oracle_T50_seed13
0.0,0.0,0,0,0.0,0.0,17,0,PAPER_oracle_T50_seed13
0.0,0.0,0,0,0.0,0.0,18,0,PAPER_oracle_T50_seed13
0.0,0.0,0,0,0.0,0.0,19,0,PAPER_oracle_T50_seed13
0.0,0.0,0,0,0.0,0.0,20,0,PAPER_oracle_T50_seed13
0.0,0.0,0,0,0.0,0.0,21,0,PAPER_oracle_T50_seed13
0.0,0.0,0,0,0.0,0.0,22,0,PAPER_oracle_T50_seed13
0.0,0.0,0,0,0.0,0.0,23,0,PAPER_oracle_T50_seed13
0.0,0.0,0,0,0.0,0.0,24,0,PAPER_oracle_T50_seed13
0.0,0.0,0,0,0.0,0.0,25,0,PAPER_oracle_T50_seed13
0.0,0.0,0,0,0.0,0.0,26,0,PAPER_oracle_T50_seed13
0.0,0.0,0,0,0.0,0.0,27,0,PAPER_oracle_T50_seed13
0.0,0.0,0,0,0.0,0.0,28,0,PAPER_oracle_T50_seed13
0.0,0.0,0,0,0.0,0.0,29,0,PAPER_oracle_T50_seed13
0.0,0.0,0,0,0.0,0.0,30,0,PAPER_oracle_T50_seed13
0.0,0.0,0,0,0.0,0.0,31,0,PAPER_oracle_T50_seed13
0.0,0.0,0,0,0.0,0.0,32,0,PAPER_oracle_T50_seed13
0.0,0.0,0,0,0.0,0.0,33,0,PAPER_oracle_T50_seed13
0.0,0.0,0,0,0.0,0.0,34,0,PAPER_oracle_T50_seed13
0.0,0.0,0,0,0.0,0.0,35,0,PAPER_oracle_T50_seed13
0.0,0.0,0,0,0.0,0.0,36,0,PAPER_oracle_T50_seed13
0.0,0.0,0,0,0.0,0.0,37,0,PAPER_oracle_T50_seed13
0.0,0.0,0,0,0.0,0.0,38,0,PAPER_oracle_T50_seed13
0.0,0.0,0,0,0.0,0.0,39,0,PAPER_oracle_T50_seed13
0.0,0.0,0,0,0.0,0.0,40,0,PAPER_oracle_T50_seed13
0.0,0.0,0,0,0.0,0.0,41,0,PAPER_oracle_T50_seed13
0.0,0.0,0,0,0.0,0.0,42,0,PAPER_oracle_T50_seed13
0.0,0.0,0,0,0.0,0.0,43,0,PAPER_oracle_T50_seed13
0.0,0.0,0,0,0.0,0.0,44,0,PAPER_oracle_T50_seed13
0.0,0.0,0,0,0.0,0.0,45,0,PAPER_oracle_T50_seed13
0.0,0.0,0,0,0.0,0.0,46,0,PAPER_oracle_T50_seed13
0.0,0.0,0,0,0.0,0.0,47,0,PAPER_oracle_T50_seed13
0.0,0.0,0,0,0.0,0.0,48,0,PAPER_oracle_T50_seed13
0.0,0.0,0,0,0.0,0.0,49,0,PAPER_oracle_T50_seed13
0.0,0.0,0,0,0.0,0.0,0,0,PAPER_random_T50_seed11_d5_B3
0.0,0.0,0,0,0.0,0.0,1,0,PAPER_random_T50_seed11_d5_B3
0.0,0.0,0,49200,0.0,0.0,2,0,PAPER_random_T50_seed11_d5_B3
0.0,1.0,0,0,0.0,0.0,3,2,PAPER_random_T50_seed11_d5_B3
0.0,1.0,0,49200,0.0,0.0,4,0,PAPER_random_T50_seed11_d5_B3
0.0,1.0,0,0,0.0,0.0,5,2,PAPER_random_T50_seed11_d5_B3
0.0,1.0,0,49200,0.0,0.0,6,0,PAPER_random_T50_seed11_d5_B3
0.0,1.0,0,0,0.0,0.0,7,2,PAPER_random_T50_seed11_d5_B3
3.2404938369040597,0.8666666666666668,49200,49200,0.0,0.0,8,0,PAPER_random_T50_seed11_d5_B3
5.46162831063177,0.9666666666666667,0,0,0.0,0.0,9,2,PAPER_random_T50_seed11_d5_B3
4.860704180675279,0.825,49200,49200,0.0,0.0,10,0,PAPER_random_T50_seed11_d5_B3
5.205616153427018,0.925,0,0,0.0,0.0,11,2,PAPER_random_T50_seed11_d5_B3
5.173516655316343,0.825,49200,49200,0.0,0.0,12,0,PAPER_random_T50_seed11_d5_B3
5.259288333214053,0.85,0,0,0.0,0.0,13,2,PAPER_random_T50_seed11_d5_B3
4.927897178361107,0.7583333333333333,49200,49200,0.0,0.0,14,0,PAPER_random_T50_seed11_d5_B3
5.644775212159794,0.49892857142857144,0,0,0.0,0.0,15,2,PAPER_random_T50_seed11_d5_B3
5.22679527496607,0.4447619047619048,49200,49200,0.0,0.0,16,0,PAPER_random_T50_seed11_d5_B3
5.618135032100913,0.6142857142857143,0,0,0.0,0.0,17,2,PAPER_random_T50_seed11_d5_B3
4.738103291768558,0.6785714285714286,49200,49200,0.0,0.0,18,0,PAPER_random_T50_seed11_d5_B3
4.913046677124578,0.6946428571428571,0,0,0.0,0.0,19,2,PAPER_random_T50_seed11_d5_B3
4.494570181482473,0.6369047619047619,49200,49200,0.0,0.0,20,0,PAPER_random_T50_seed11_d5_B3
4.796777286452074,0.6726190476190477,0,0,0.0,0.0,21,2,PAPER_random_T50_seed11_d5_B3
3.81428215742182,0.5583333333333333,49200,49200,0.0,0.0,22,0,PAPER_random_T50_seed11_d5_B3
3.898441926426217,0.55,0,0,0.0,0.0,23,2,PAPER_random_T50_seed11_d5_B3
3.3676939365910536,0.5285714285714287,49200,49200,0.0,0.0,24,0,PAPER_random_T50_seed11_d5_B3
3.685745886847558,0.4771428571428572,0,0,0.0,0.0,25,2,PAPER_random_T50_seed11_d5_B3
3.1746213894009823,0.48464285714285715,49200,49200,0.0,0.0,26,0,PAPER_random_T50_seed11_d5_B3
3.1695468802296105,0.5009523809523809,0,0,0.0,0.0,27,2,PAPER_random_T50_seed11_d5_B3
3.043172274796076,0.3795238095238095,49200,49200,0.0,0.0,28,0,PAPER_random_T50_seed11_d5_B3
4.09614268686887,0.3928571428571429,0,0,0.0,0.0,29,2,PAPER_random_T50_seed11_d5_B3
3.81422353359807,0.4642857142857143,49200,49200,0.0,0.0,30,0,PAPER_random_T50_seed11_d5_B3
3.445987912943252,0.4997619047619048,0,0,0.0,0.0,31,2,PAPER_random_T50_seed11_d5_B3
3.0066305852255732,0.3952380952380953,49200,49200,0.0,0.0,32,0,PAPER_random_T50_seed11_d5_B3
3.944857593615255,0.47619047619047616,0,0,0.0,0.0,33,2,PAPER_random_T50_seed11_d5_B3
3.813699034939766,0.3571428571428572,49200,49200,0.0,0.0,34,0,PAPER_random_T50_seed11_d5_B3
4.275692110448714,0.0,0,0,0.0,0.0,35,2,PAPER_random_T50_seed11_d5_B3
3.8619433268580563,0.0,49200,49200,0.0,0.0,36,0,PAPER_random_T50_seed11_d5_B3
3.4044930152885637,0.0,0,0,0.0,0.0,37,2,PAPER_random_T50_seed11_d5_B3
3.419692240362912,0.0,49200,49200,0.0,0.0,38,0,PAPER_random_T50_seed11_d5_B3
3.7160423050130897,0.0,0,0,0.0,0.0,39,2,PAPER_random_T50_seed11_d5_B3
3.6039725352701906,0.0,49200,49200,0.0,0.0,40,0,PAPER_random_T50_seed11_d5_B3
3.661623131509808,0.0,0,0,0.0,0.0,41,2,PAPER_random_T50_seed11_d5_B3
2.8635672761163873,0.0,49200,49200,0.0,0.0,42,0,PAPER_random_T50_seed11_d5_B3
3.731943625788977,0.0,0,0,0.0,0.0,43,2,PAPER_random_T50_seed11_d5_B3
3.6599054245221354,0.0,49200,49200,0.0,0.0,44,0,PAPER_random_T50_seed11_d5_B3
2.9897284651931706,0.0,0,0,0.0,0.0,45,2,PAPER_random_T50_seed11_d5_B3
2.5167340123631092,0.0,49200,49200,0.0,0.0,46,0,PAPER_random_T50_seed11_d5_B3
2.338362853725026,0.0,0,0,0.0,0.0,47,2,PAPER_random_T50_seed11_d5_B3
2.112355192423208,0.0,49200,49200,0.0,0.0,48,0,PAPER_random_T50_seed11_d5_B3
4.4466847389458515,0.0,0,0,0.0,0.0,49,2,PAPER_random_T50_seed11_d5_B3
0.0,0.0,0,0,0.0,0.0,0,0,PAPER_random_T50_seed12_d5_B3
0.0,0.0,0,0,0.0,0.0,1,0,PAPER_random_T50_seed12_d5_B3
0.0,0.0,0,49200,0.0,0.0,2,0,PAPER_random_T50_seed12_d5_B3
0.0,1.0,0,0,0.0,0.0,3,2,PAPER_random_T50_seed12_d5_B3
0.0,1.0,0,49200,0.0,0.0,4,0,PAPER_random_T50_seed12_d5_B3
0.0,1.0,0,0,0.0,0.0,5,2,PAPER_random_T50_seed12_d5_B3
0.0,1.0,0,49200,0.0,0.0,6,0,PAPER_random_T50_seed12_d5_B3
0.0,1.0,0,0,0.0,0.0,7,2,PAPER_random_T50_seed12_d5_B3
3.833956484499823,0.9,49200,49200,0.0,0.0,8,0,PAPER_random_T50_seed12_d5_B3
6.861547257079559,0.9666666666666667,0,0,0.0,0.0,9,2,PAPER_random_T50_seed12_d5_B3
6.635295555039452,0.9666666666666667,49200,49200,0.0,0.0,10,0,PAPER_random_T50_seed12_d5_B3
5.513365003683031,0.9666666666666667,0,0,0.0,0.0,11,2,PAPER_random_T50_seed12_d5_B3
4.875347784756311,0.7666666666666667,49200,49200,0.0,0.0,12,0,PAPER_random_T50_seed12_d5_B3
5.120274687251779,0.8083333333333333,0,0,0.0,0.0,13,2,PAPER_random_T50_seed12_d5_B3
5.1128590394721085,0.7583333333333333,49200,49200,0.0,0.0,14,0,PAPER_random_T50_seed12_d5_B3
5.8868608085064675,0.6042857142857143,0,0,0.0,0.0,15,2,PAPER_random_T50_seed12_d5_B3
5.446091985144951,0.5828571428571429,49200,49200,0.0,0.0,16,0,PAPER_random_T50_seed12_d5_B3
5.789925306866467,0.5761904761904763,0,0,0.0,0.0,17,2,PAPER_random_T50_seed12_d5_B3
4.886311393860511,0.55,49200,49200,0.0,0.0,18,0,PAPER_random_T50_seed12_d5_B3
4.99044040859598,0.5176190476190476,0,0,0.0,0.0,19,2,PAPER_random_T50_seed12_d5_B3
4.363666322463819,0.4666666666666667,49200,49200,0.0,0.0,20,0,PAPER_random_T50_seed12_d5_B3
4.653516208984152,0.4880952380952381,0,0,0.0,0.0,21,2,PAPER_random_T50_seed12_d5_B3
3.7735748662525026,0.47619047619047616,49200,49200,0.0,0.0,22,0,PAPER_random_T50_seed12_d5_B3
4.82817785234459,0.47619047619047616,0,0,0.0,0.0,23,2,PAPER_random_T50_seed12_d5_B3
4.12975807558605,0.45238095238095233,49200,49200,0.0,0.0,24,0,PAPER_random_T50_seed12_d5_B3
3.9167368274723975,0.5476190476190476,0,0,0.0,0.0,25,2,PAPER_random_T50_seed12_d5_B3
3.425018142020953,0.37142857142857144,49200,49200,0.0,0.0,26,0,PAPER_random_T50_seed12_d5_B3
3.5604094397649453,0.3619047619047619,0,0,0.0,0.0,27,2,PAPER_random_T50_seed12_d5_B3
2.8733468836511955,0.28095238095238095,49200,49200,0.0,0.0,28,0,PAPER_random_T50_seed12_d5_B3
4.97159552495227,0.4226190476190476,0,0,0.0,0.0,29,2,PAPER_random_T50_seed12_d5_B3
4.945363243889993,0.4285714285714286,49200,49200,0.0,0.0,30,0,PAPER_random_T50_seed12_d5_B3
4.036556135943629,0.4642857142857143,0,0,0.0,0.0,31,2,PAPER_random_T50_seed12_d5_B3
3.6105561975759004,0.4642857142857143,49200,49200,0.0,0.0,32,0,PAPER_random_T50_seed12_d5_B3
3.0166661582614296,0.3047619047619048,0,0,0.0,0.0,33,2,PAPER_random_T50_seed12_d5_B3
3.41141426465198,0.34761904761904766,49200,49200,0.0,0.0,34,0,PAPER_random_T50_seed12_d5_B3
3.247579754566617,0.0,0,0,0.0,0.0,35,2,PAPER_random_T50_seed12_d5_B3
2.8713790098672085,0.0,49200,49200,0.0,0.0,36,0,PAPER_random_T50_seed12_d5_B3
3.1634844541748457,0.0,0,0,0.0,0.0,37,2,PAPER_random_T50_seed12_d5_B3
2.891493293210864,0.0,49200,49200,0.0,0.0,38,0,PAPER_random_T50_seed12_d5_B3
2.791972741898011,0.0,0,0,0.0,0.0,39,2,PAPER_random_T50_seed12_d5_B3
2.4167432517451224,0.0,49200,49200,0.0,0.0,40,0,PAPER_random_T50_seed12_d5_B3
2.8011466344942715,0.0,0,0,0.0,0.0,41,2,PAPER_random_T50_seed12_d5_B3
2.318666028561749,0.0,49200,49200,0.0,0.0,42,0,PAPER_random_T50_seed12_d5_B3
2.321884448680954,0.0,0,0,0.0,0.0,43,2,PAPER_random_T50_seed12_d5_B3
1.9756930070825207,0.0,49200,49200,0.0,0.0,44,0,PAPER_random_T50_seed12_d5_B3
2.5796724888265254,0.0,0,0,0.0,0.0,45,2,PAPER_random_T50_seed12_d5_B3
2.182632647238215,0.0,49200,49200,0.0,0.0,46,0,PAPER_random_T50_seed12_d5_B3
1.8815400028776204,0.0,0,0,0.0,0.0,47,2,PAPER_random_T50_seed12_d5_B3
1.8130356244160888,0.0,49200,49200,0.0,0.0,48,0,PAPER_random_T50_seed12_d5_B3
2.025861899484466,0.0,0,0,0.0,0.0,49,2,PAPER_random_T50_seed12_d5_B3
0.0,0.0,0,0,0.0,0.0,0,0,PAPER_random_T50_seed13_d5_B3
0.0,0.0,0,0,0.0,0.0,1,0,PAPER_random_T50_seed13_d5_B3
0.0,0.0,0,49200,0.0,0.0,2,0,PAPER_random_T50_seed13_d5_B3
0.0,1.0,0,0,0.0,0.0,3,2,PAPER_random_T50_seed13_d5_B3
0.0,1.0,0,49200,0.0,0.0,4,0,PAPER_random_T50_seed13_d5_B3
0.0,1.0,0,0,0.0,0.0,5,2,PAPER_random_T50_seed13_d5_B3
0.0,1.0,0,49200,0.0,0.0,6,0,PAPER_random_T50_seed13_d5_B3
0.0,1.0,0,0,0.0,0.0,7,2,PAPER_random_T50_seed13_d5_B3
2.1212052180547185,0.9333333333333333,49200,49200,0.0,0.0,8,0,PAPER_random_T50_seed13_d5_B3
9.571752303674,1.0,0,0,0.0,0.0,9,2,PAPER_random_T50_seed13_d5_B3
7.627902517878423,0.8416666666666667,49200,49200,0.0,0.0,10,0,PAPER_random_T50_seed13_d5_B3
6.723810807873399,0.7916666666666667,0,0,0.0,0.0,11,2,PAPER_random_T50_seed13_d5_B3
6.1206245664424666,0.6833333333333333,49200,49200,0.0,0.0,12,0,PAPER_random_T50_seed13_d5_B3
6.707741473039253,0.7333333333333334,0,0,0.0,0.0,13,2,PAPER_random_T50_seed13_d5_B3
6.794447225141521,0.6799999999999999,49200,49200,0.0,0.0,14,0,PAPER_random_T50_seed13_d5_B3
7.080227538284477,0.4157142857142857,0,0,0.0,0.0,15,2,PAPER_random_T50_seed13_d5_B3
6.629680919663187,0.44571428571428573,49200,49200,0.0,0.0,16,0,PAPER_random_T50_seed13_d5_B3
6.721034396676897,0.36190476190476184,0,0,0.0,0.0,17,2,PAPER_random_T50_seed13_d5_B3
6.975140992337996,0.3609523809523809,49200,49200,0.0,0.0,18,0,PAPER_random_T50_seed13_d5_B3
7.761758260149524,0.3609523809523809,0,0,0.0,0.0,19,2,PAPER_random_T50_seed13_d5_B3
7.00815491355238,0.39714285714285713,49200,49200,0.0,0.0,20,0,PAPER_random_T50_seed13_d5_B3
11.592407587386065,0.41238095238095235,0,0,0.0,0.0,21,2,PAPER_random_T50_seed13_d5_B3
10.433301662580762,0.35238095238095235,49200,49200,0.0,0.0,22,0,PAPER_random_T50_seed13_d5_B3
8.25808030341905,0.45404761904761903,0,0,0.0,0.0,23,2,PAPER_random_T50_seed13_d5_B3
7.3457793419935795,0.36857142857142855,49200,49200,0.0,0.0,24,0,PAPER_random_T50_seed13_d5_B3
6.332910370797263,0.3533333333333334,0,0,0.0,0.0,25,2,PAPER_random_T50_seed13_d5_B3
5.663317425293876,0.3533333333333334,49200,49200,0.0,0.0,26,0,PAPER_random_T50_seed13_d5_B3
5.236347303956151,0.32000000000000006,0,0,0.0,0.0,27,2,PAPER_random_T50_seed13_d5_B3
5.103169736397635,0.32000000000000006,49200,49200,0.0,0.0,28,0,PAPER_random_T50_seed13_d5_B3
5.554592953719367,0.27714285714285714,0,0,0.0,0.0,29,2,PAPER_random_T50_seed13_d5_B3
5.4531574580272135,0.3438095238095238,49200,49200,0.0,0.0,30,0,PAPER_random_T50_seed13_d5_B3
5.8259095322049195,0.42238095238095236,0,0,0.0,0.0,31,2,PAPER_random_T50_seed13_d5_B3
4.332168309243849,0.42238095238095236,49200,49200,0.0,0.0,32,0,PAPER_random_T50_seed13_d5_B3
4.794678813967861,0.4878571428571429,0,0,0.0,0.0,33,2,PAPER_random_T50_seed13_d5_B3
4.543887152198035,0.4878571428571429,49200,49200,0.0,0.0,34,0,PAPER_random_T50_seed13_d5_B3
5.667885408436802,0.0375,0,0,0.0,0.0,35,2,PAPER_random_T50_seed13_d5_B3
5.631188419614867,0.0,49200,49200,0.0,0.0,36,0,PAPER_random_T50_seed13_d5_B3
5.5406534476745986,0.0,0,0,0.0,0.0,37,2,PAPER_random_T50_seed13_d5_B3
5.112169440907697,0.0,49200,49200,0.0,0.0,38,0,PAPER_random_T50_seed13_d5_B3
5.628111013394827,0.0,0,0,0.0,0.0,39,2,PAPER_random_T50_seed13_d5_B3
5.259917357780192,0.0,49200,49200,0.0,0.0,40,0,PAPER_random_T50_seed13_d5_B3
4.08962329427739,0.0,0,0,0.0,0.0,41,2,PAPER_random_T50_seed13_d5_B3
4.263964348038408,0.0,49200,49200,0.0,0.0,42,0,PAPER_random_T50_seed13_d5_B3
3.923109152313549,0.0,0,0,0.0,0.0,43,2,PAPER_random_T50_seed13_d5_B3
3.923028747747159,0.0,49200,49200,0.0,0.0,44,0,PAPER_random_T50_seed13_d5_B3
4.12432974436965,0.0,0,0,0.0,0.0,45,2,PAPER_random_T50_seed13_d5_B3
4.116124959882216,0.0,49200,49200,0.0,0.0,46,0,PAPER_random_T50_seed13_d5_B3
5.0634965037510735,0.0,0,0,0.0,0.0,47,2,PAPER_random_T50_seed13_d5_B3
4.333060876478223,0.0,49200,49200,0.0,0.0,48,0,PAPER_random_T50_seed13_d5_B3
4.069466352152499,0.0,0,0,0.0,0.0,49,2,PAPER_random_T50_seed13_d5_B3
