name,tr_gap,tr_global_acc,tr_round,tr_seen_acc,tr_void_acc
PAPER_ace_T50_seed11_d5_B3,0.2445125,0.1309,0,0.22469999999999998,0.08426249999999999
PAPER_ace_T50_seed11_d5_B3,0.26555,0.1891,1,0.244,0.09462499999999999
PAPER_ace_T50_seed11_d5_B3,0.3001875,0.2594,2,0.30635,0.12241250000000001
PAPER_ace_T50_seed11_d5_B3,0.28941249999999996,0.282,3,0.2973,0.1222375
PAPER_ace_T50_seed11_d5_B3,0.3234375,0.31,4,0.34500000000000003,0.16006250000000002
PAPER_ace_T50_seed11_d5_B3,0.307475,0.3503,5,0.3562,0.173075
PAPER_ace_T50_seed11_d5_B3,0.34708750000000005,0.383,6,0.3936,0.20103749999999998
PAPER_ace_T50_seed11_d5_B3,0.3557125,0.4165,7,0.40925,0.2228125
PAPER_ace_T50_seed11_d5_B3,0.24732499999999996,0.1057,8,0.13885,0.129975
PAPER_ace_T50_seed11_d5_B3,0.2645,0.1426,9,0.21434999999999998,0.15760000000000002
PAPER_ace_T50_seed11_d5_B3,0.2558875,0.2002,10,0.2366,0.1656625
PAPER_ace_T50_seed11_d5_B3,0.2529375,0.1825,11,0.28215,0.1662125
PAPER_ace_T50_seed11_d5_B3,0.22366250000000001,0.1919,12,0.26005,0.15923749999999998
PAPER_ace_T50_seed11_d5_B3,0.254225,0.2382,13,0.3361,0.193475
PAPER_ace_T50_seed11_d5_B3,0.24168749999999997,0.2025,14,0.3138,0.1827375
PAPER_ace_T50_seed11_d5_B3,0.24753750000000002,0.18,15,0.2969,0.1862125
PAPER_ace_T50_seed11_d5_B3,0.31818749999999996,0.3818,16,0.4101,0.2089125
PAPER_ace_T50_seed11_d5_B3,0.2818125,0.3625,17,0.38995,0.20626249999999996
PAPER_ace_T50_seed11_d5_B3,0.28759999999999997,0.3206,18,0.40120000000000006,0.22432499999999997
PAPER_ace_T50_seed11_d5_B3,0.3113125,0.3747,19,0.42040000000000005,0.22171249999999998
PAPER_ace_T50_seed11_d5_B3,0.3630875,0.1897,20,0.33094999999999997,0.2183875
PAPER_ace_T50_seed11_d5_B3,0.3746875,0.337,21,0.4095000000000001,0.2548125
PAPER_ace_T50_seed11_d5_B3,0.3106125,0.3985,22,0.4441,0.24353750000000002
PAPER_ace_T50_seed11_d5_B3,0.3231875,0.4246,23,0.4747,0.27351250000000005
PAPER_ace_T50_seed11_d5_B3,0.34607499999999997,0.355,24,0.35824999999999996,0.182125
PAPER_ace_T50_seed11_d5_B3,0.3442125,0.3941,25,0.43010000000000004,0.2624125
PAPER_ace_T50_seed11_d5_B3,0.35757500000000003,0.3158,26,0.40309999999999996,0.28185000000000004
PAPER_ace_T50_seed11_d5_B3,0.3837499999999999,0.3304,27,0.39435,0.265975
PAPER_ace_T50_seed11_d5_B3,0.4112125,0.337,28,0.39885000000000004,0.24766249999999998
PAPER_ace_T50_seed11_d5_B3,0.430075,0.3627,29,0.41345,0.277075
PAPER_ace_T50_seed11_d5_B3,0.4104875,0.2047,30,0.35300000000000004,0.2018125
PAPER_ace_T50_seed11_d5_B3,0.36063750000000006,0.2974,31,0.4053,0.2413625
PAPER_ace_T50_seed11_d5_B3,0.3666625,0.3761,32,0.48165,0.29096249999999996
PAPER_ace_T50_seed11_d5_B3,0.40854999999999997,0.3405,33,0.44115000000000004,0.27415
PAPER_ace_T50_seed11_d5_B3,0.41442499999999993,0.4362,34,0.46049999999999996,0.309875
PAPER_ace_T50_seed11_d5_B3,0.38289999999999996,0.3798,35,0.38975,0.246875
PAPER_ace_T50_seed11_d5_B3,0.38222500000000004,0.4422,36,0.4648,0.3223
PAPER_ace_T50_seed11_d5_B3,0.3857625,0.4197,37,0.45105000000000006,0.28861250000000005
PAPER_ace_T50_seed11_d5_B3,0.41587500000000005,0.4584,38,0.4852,0.32094999999999996
PAPER_ace_T50_seed11_d5_B3,0.36214999999999997,0.4122,39,0.4311999999999999,0.27795000000000003
PAPER_ace_T50_seed11_d5_B3,0.38481250000000006,0.4006,40,0.41965,0.2443375
PAPER_ace_T50_seed11_d5_B3,0.3535125,0.4188,41,0.44580000000000003,0.26211249999999997
PAPER_ace_T50_seed11_d5_B3,0.41906250000000006,0.4367,42,0.471,0.3170625
PAPER_ace_T50_seed11_d5_B3,0.4005875,0.4545,43,0.48600000000000004,0.31556249999999997
PAPER_ace_T50_seed11_d5_B3,0.3111125,0.377,44,0.3753500000000001,0.23966249999999997
PAPER_ace_T50_seed11_d5_B3,0.34216250000000004,0.4515,45,0.48405,0.3071125
PAPER_ace_T50_seed11_d5_B3,0.4091875,0.4876,46,0.499,0.3248125
PAPER_ace_T50_seed11_d5_B3,0.39165,0.5,47,0.49685000000000007,0.31734999999999997
PAPER_ace_T50_seed11_d5_B3,0.4132124999999999,0.5061,48,0.50535,0.34791249999999996
PAPER_ace_T50_seed11_d5_B3,0.40901250000000006,0.4819,49,0.50485,0.3536625
PAPER_ace_T50_seed12_d5_B3,0.2731375,0.1432,0,0.21190000000000003,0.08708750000000001
PAPER_ace_T50_seed12_d5_B3,0.3125625,0.1695,1,0.2287,0.10376250000000001
PAPER_ace_T50_seed12_d5_B3,0.323975,0.2075,2,0.26890000000000003,0.144525
PAPER_ace_T50_seed12_d5_B3,0.35148750000000006,0.2578,3,0.2904,0.16671249999999999
PAPER_ace_T50_seed12_d5_B3,0.37736250000000005,0.2874,4,0.31045000000000006,0.18763749999999998
PAPER_ace_T50_seed12_d5_B3,0.3329625,0.3253,5,0.31955,0.2039875
PAPER_ace_T50_seed12_d5_B3,0.3279375,0.3057,6,0.3095,0.18606250000000002
PAPER_ace_T50_seed12_d5_B3,0.3265375,0.3484,7,0.33755,0.2142375
PAPER_ace_T50_seed12_d5_B3,0.287675,0.1802,8,0.2353,0.186425
PAPER_ace_T50_seed12_d5_B3,0.2707375,0.1737,9,0.23705000000000004,0.1838625
PAPER_ace_T50_seed12_d5_B3,0.21387499999999998,0.1505,10,0.2459,0.16165000000000002
PAPER_ace_T50_seed12_d5_B3,0.23304999999999998,0.1779,11,0.27030000000000004,0.1628
PAPER_ace_T50_seed12_d5_B3,0.23038750000000002,0.1785,12,0.28565,0.1732125
PAPER_ace_T50_seed12_d5_B3,0.22739999999999996,0.2234,13,0.2853,0.185425
PAPER_ace_T50_seed12_d5_B3,0.21797500000000003,0.1141,14,0.19945000000000002,0.13895000000000002
PAPER_ace_T50_seed12_d5_B3,0.19573750000000004,0.1274,15,0.22945,0.1493875
PAPER_ace_T50_seed12_d5_B3,0.21511249999999998,0.2494,16,0.3029,0.1910875
PAPER_ace_T50_seed12_d5_B3,0.28077500000000005,0.2687,17,0.31460000000000005,0.19685
PAPER_ace_T50_seed12_d5_B3,0.288775,0.28,18,0.3457,0.23907499999999998
PAPER_ace_T50_seed12_d5_B3,0.2879375,0.2788,19,0.33954999999999996,0.22573749999999998
PAPER_ace_T50_seed12_d5_B3,0.2819375,0.2021,20,0.29424999999999996,0.2279375
PAPER_ace_T50_seed12_d5_B3,0.2578,0.252,21,0.33335,0.24385000000000004
PAPER_ace_T50_seed12_d5_B3,0.30807500000000004,0.3208,22,0.3733,0.264425
PAPER_ace_T50_seed12_d5_B3,0.3277125,0.362,23,0.38364999999999994,0.2703375
PAPER_ace_T50_seed12_d5_B3,0.279575,0.3771,24,0.41994999999999993,0.31057500000000005
PAPER_ace_T50_seed12_d5_B3,0.293325,0.3584,25,0.39990000000000003,0.29527499999999995
PAPER_ace_T50_seed12_d5_B3,0.33392499999999997,0.3012,26,0.32789999999999997,0.21214999999999998
PAPER_ace_T50_seed12_d5_B3,0.320925,0.3302,27,0.3144,0.19302499999999997
PAPER_ace_T50_seed12_d5_B3,0.27565,0.3912,28,0.3992,0.29195000000000004
PAPER_ace_T50_seed12_d5_B3,0.3087375,0.4084,29,0.3956,0.2765375
PAPER_ace_T50_seed12_d5_B3,0.29255000000000003,0.4168,30,0.42000000000000004,0.299375
PAPER_ace_T50_seed12_d5_B3,0.3391125,0.4166,31,0.40854999999999997,0.28611250000000005
PAPER_ace_T50_seed12_d5_B3,0.30927499999999997,0.3892,32,0.36569999999999997,0.24769999999999998
PAPER_ace_T50_seed12_d5_B3,0.3039375,0.4262,33,0.39814999999999995,0.2822125000000001
PAPER_ace_T50_seed12_d5_B3,0.35829999999999995,0.3235,34,0.36505,0.2768
PAPER_ace_T50_seed12_d5_B3,0.3394875,0.3181,35,0.3813,0.28036249999999996
PAPER_ace_T50_seed12_d5_B3,0.33323749999999996,0.3911,36,0.41645000000000004,0.3167625
PAPER_ace_T50_seed12_d5_B3,0.3267,0.4223,37,0.41930000000000006,0.3143
PAPER_ace_T50_seed12_d5_B3,0.3230875,0.3974,38,0.40825000000000006,0.3063125
PAPER_ace_T50_seed12_d5_B3,0.333625,0.4369,39,0.42785,0.32710000000000006
PAPER_ace_T50_seed12_d5_B3,0.30798749999999997,0.3678,40,0.39965,0.3359625
PAPER_ace_T50_seed12_d5_B3,0.34392500000000004,0.3961,41,0.42225,0.335625
PAPER_ace_T50_seed12_d5_B3,0.33298750000000005,0.4828,42,0.46035000000000004,0.3426625
PAPER_ace_T50_seed12_d5_B3,0.292475,0.2934,43,0.37,0.24987499999999999
PAPER_ace_T50_seed12_d5_B3,0.33781249999999996,0.4247,44,0.41740000000000005,0.3059625
PAPER_ace_T50_seed12_d5_B3,0.311325,0.4078,45,0.43315000000000003,0.31889999999999996
PAPER_ace_T50_seed12_d5_B3,0.34681249999999997,0.4456,46,0.4478,0.3514875
PAPER_ace_T50_seed12_d5_B3,0.3089875,0.459,47,0.4213,0.3083625
PAPER_ace_T50_seed12_d5_B3,0.3452,0.4692,48,0.4779,0.371525
PAPER_ace_T50_seed12_d5_B3,0.3177625,0.5039,49,0.49115000000000003,0.38008749999999997
PAPER_ace_T50_seed13_d5_B3,0.2557125,0.1295,0,0.2557,0.09588749999999999
PAPER_ace_T50_seed13_d5_B3,0.3019,0.2055,1,0.28169999999999995,0.10569999999999999
PAPER_ace_T50_seed13_d5_B3,0.325075,0.2083,2,0.29050000000000004,0.11012499999999999
PAPER_ace_T50_seed13_d5_B3,0.34001250000000005,0.2301,3,0.29985,0.11403749999999999
PAPER_ace_T50_seed13_d5_B3,0.30965000000000004,0.2779,4,0.33585,0.141225
PAPER_ace_T50_seed13_d5_B3,0.327925,0.3074,5,0.3524,0.14965
PAPER_ace_T50_seed13_d5_B3,0.3288375,0.3113,6,0.34909999999999997,0.1441625
PAPER_ace_T50_seed13_d5_B3,0.3377875,0.2989,7,0.33975,0.1506875
PAPER_ace_T50_seed13_d5_B3,0.31261249999999996,0.164,8,0.27515,0.1573375
PAPER_ace_T50_seed13_d5_B3,0.32453750000000003,0.1563,9,0.29775,0.1569375
PAPER_ace_T50_seed13_d5_B3,0.34441249999999995,0.1518,10,0.3137,0.15138750000000004
PAPER_ace_T50_seed13_d5_B3,0.345275,0.1758,11,0.3388,0.15767499999999998
PAPER_ace_T50_seed13_d5_B3,0.30307500000000004,0.1679,12,0.30255,0.149925
PAPER_ace_T50_seed13_d5_B3,0.36008749999999995,0.1686,13,0.3241,0.1456625
PAPER_ace_T50_seed13_d5_B3,0.26517500000000005,0.1,14,0.1712,0.128075
PAPER_ace_T50_seed13_d5_B3,0.24938749999999996,0.1701,15,0.2876,0.1449125
PAPER_ace_T50_seed13_d5_B3,0.15836250000000002,0.1655,16,0.24905000000000005,0.16323749999999998
PAPER_ace_T50_seed13_d5_B3,0.2182375,0.1869,17,0.31985,0.1726625
PAPER_ace_T50_seed13_d5_B3,0.26639999999999997,0.2057,18,0.32315,0.1494
PAPER_ace_T50_seed13_d5_B3,0.29586250000000003,0.2645,19,0.33905,0.1487375
PAPER_ace_T50_seed13_d5_B3,0.3330625,0.2021,20,0.37685,0.1729125
PAPER_ace_T50_seed13_d5_B3,0.3412624999999999,0.2374,21,0.38880000000000003,0.1728625
PAPER_ace_T50_seed13_d5_B3,0.313125,0.1739,22,0.35259999999999997,0.15222500000000003
PAPER_ace_T50_seed13_d5_B3,0.3228625,0.2711,23,0.39249999999999996,0.17543749999999997
PAPER_ace_T50_seed13_d5_B3,0.29425,0.3046,24,0.36954999999999993,0.16705
PAPER_ace_T50_seed13_d5_B3,0.332075,0.3703,25,0.3984,0.18115
PAPER_ace_T50_seed13_d5_B3,0.2973875,0.3255,26,0.378,0.18131250000000002
PAPER_ace_T50_seed13_d5_B3,0.31622500000000003,0.3563,27,0.40495000000000003,0.20245000000000002
PAPER_ace_T50_seed13_d5_B3,0.32831249999999995,0.385,28,0.40785,0.1977875
PAPER_ace_T50_seed13_d5_B3,0.336375,0.3917,29,0.4002,0.191075
PAPER_ace_T50_seed13_d5_B3,0.4034625,0.3689,30,0.43129999999999996,0.2437375
PAPER_ace_T50_seed13_d5_B3,0.324725,0.3069,31,0.41985,0.2331
PAPER_ace_T50_seed13_d5_B3,0.41446249999999996,0.315,32,0.40975,0.23206249999999998
PAPER_ace_T50_seed13_d5_B3,0.41598749999999995,0.3453,33,0.43,0.2455625
PAPER_ace_T50_seed13_d5_B3,0.3501625,0.3875,34,0.43545,0.2237625
PAPER_ace_T50_seed13_d5_B3,0.37506249999999997,0.3234,35,0.42935000000000006,0.21028750000000002
PAPER_ace_T50_seed13_d5_B3,0.33406250000000004,0.4134,36,0.43620000000000003,0.2293875
PAPER_ace_T50_seed13_d5_B3,0.3706375,0.407,37,0.4549499999999999,0.24013749999999998
PAPER_ace_T50_seed13_d5_B3,0.36143749999999997,0.4019,38,0.44205000000000005,0.22636250000000002
PAPER_ace_T50_seed13_d5_B3,0.3624625,0.439,39,0.45,0.2300625
PAPER_ace_T50_seed13_d5_B3,0.3629,0.4197,40,0.46055,0.250675
PAPER_ace_T50_seed13_d5_B3,0.372125,0.4307,41,0.4527,0.234825
PAPER_ace_T50_seed13_d5_B3,0.3817875,0.3849,42,0.42675,0.2385625
PAPER_ace_T50_seed13_d5_B3,0.35875,0.4204,43,0.44415000000000004,0.22840000000000002
PAPER_ace_T50_seed13_d5_B3,0.3287875,0.4547,44,0.4730500000000001,0.26136249999999994
PAPER_ace_T50_seed13_d5_B3,0.38847499999999996,0.4372,45,0.46385000000000004,0.24209999999999998
PAPER_ace_T50_seed13_d5_B3,0.34873750000000003,0.4703,46,0.49929999999999997,0.3026125
PAPER_ace_T50_seed13_d5_B3,0.37,0.4634,47,0.48064999999999997,0.260275
PAPER_ace_T50_seed13_d5_B3,0.37,0.5078,48,0.47350000000000003,0.25325
PAPER_ace_T50_seed13_d5_B3,0.37026250000000005,0.497,49,0.46014999999999995,0.2339625
PAPER_dcas_T50_seed11_d5_B3,0.2424125,0.1251,0,0.22110000000000002,0.08291250000000001
PAPER_dcas_T50_seed11_d5_B3,0.2735875,0.2053,1,0.25175000000000003,0.10106249999999999
PAPER_dcas_T50_seed11_d5_B3,0.2963625,0.2748,2,0.31070000000000003,0.1282625
PAPER_dcas_T50_seed11_d5_B3,0.3007875,0.2984,3,0.30870000000000003,0.1300125
PAPER_dcas_T50_seed11_d5_B3,0.31703749999999997,0.3052,4,0.34845,0.1625125
PAPER_dcas_T50_seed11_d5_B3,0.3173125,0.3515,5,0.35785,0.17978750000000002
PAPER_dcas_T50_seed11_d5_B3,0.3567375,0.3934,6,0.39785000000000004,0.2015375
PAPER_dcas_T50_seed11_d5_B3,0.365775,0.4094,7,0.41934999999999995,0.23497500000000002
PAPER_dcas_T50_seed11_d5_B3,0.169425,0.2692,8,0.12410000000000002,0.22384999999999997
PAPER_dcas_T50_seed11_d5_B3,0.2257625,0.2958,9,0.24625,0.2678125
PAPER_dcas_T50_seed11_d5_B3,0.24737499999999998,0.2892,10,0.24215,0.23502499999999996
PAPER_dcas_T50_seed11_d5_B3,0.20534999999999998,0.361,11,0.29745000000000005,0.28057499999999996
PAPER_dcas_T50_seed11_d5_B3,0.254725,0.3575,12,0.32320000000000004,0.2677
PAPER_dcas_T50_seed11_d5_B3,0.2714,0.4036,13,0.37679999999999997,0.31005
PAPER_dcas_T50_seed11_d5_B3,0.22409999999999997,0.2324,14,0.29005000000000003,0.225675
PAPER_dcas_T50_seed11_d5_B3,0.20015,0.2301,15,0.28900000000000003,0.22537499999999996
PAPER_dcas_T50_seed11_d5_B3,0.27435,0.2237,16,0.3115,0.212875
PAPER_dcas_T50_seed11_d5_B3,0.264925,0.3227,17,0.3579,0.236775
PAPER_dcas_T50_seed11_d5_B3,0.34295000000000003,0.3583,18,0.4523,0.28042500000000004
PAPER_dcas_T50_seed11_d5_B3,0.29042500000000004,0.3771,19,0.4192,0.25120000000000003
PAPER_dcas_T50_seed11_d5_B3,0.318475,0.4333,20,0.42655000000000004,0.2638
PAPER_dcas_T50_seed11_d5_B3,0.33075000000000004,0.4361,21,0.4375,0.270125
PAPER_dcas_T50_seed11_d5_B3,0.2869,0.2609,22,0.3102,0.168325
PAPER_dcas_T50_seed11_d5_B3,0.34658749999999994,0.4167,23,0.41484999999999994,0.2467875
PAPER_dcas_T50_seed11_d5_B3,0.378575,0.416,24,0.44329999999999997,0.25755
PAPER_dcas_T50_seed11_d5_B3,0.35575000000000007,0.4385,25,0.40354999999999996,0.21942499999999998
PAPER_dcas_T50_seed11_d5_B3,0.35800000000000004,0.3596,26,0.42200000000000004,0.25250000000000006
PAPER_dcas_T50_seed11_d5_B3,0.3612,0.415,27,0.44914999999999994,0.25752499999999995
PAPER_dcas_T50_seed11_d5_B3,0.311175,0.395,28,0.46129999999999993,0.2713
PAPER_dcas_T50_seed11_d5_B3,0.34978750000000003,0.4382,29,0.4345,0.24268750000000003
PAPER_dcas_T50_seed11_d5_B3,0.3412625,0.3971,30,0.47639999999999993,0.2655875
PAPER_dcas_T50_seed11_d5_B3,0.3328125,0.4177,31,0.43620000000000003,0.2387625
PAPER_dcas_T50_seed11_d5_B3,0.42498749999999996,0.4361,32,0.4906,0.29691249999999997
PAPER_dcas_T50_seed11_d5_B3,0.44905,0.4709,33,0.45665000000000006,0.26965000000000006
PAPER_dcas_T50_seed11_d5_B3,0.38481249999999995,0.4336,34,0.47024999999999995,0.2699375
PAPER_dcas_T50_seed11_d5_B3,0.42433750000000003,0.4175,35,0.4686,0.27866250000000004
PAPER_dcas_T50_seed11_d5_B3,0.35151250000000006,0.4249,36,0.43205,0.2794875
PAPER_dcas_T50_seed11_d5_B3,0.4430124999999999,0.4936,37,0.48505000000000004,0.28986249999999997
PAPER_dcas_T50_seed11_d5_B3,0.44800000000000006,0.4959,38,0.4838,0.2868
PAPER_dcas_T50_seed11_d5_B3,0.4065625,0.4807,39,0.48195,0.2801375
PAPER_dcas_T50_seed11_d5_B3,0.40313750000000004,0.474,40,0.47515,0.27283749999999996
PAPER_dcas_T50_seed11_d5_B3,0.4575,0.4888,41,0.49050000000000005,0.29450000000000004
PAPER_dcas_T50_seed11_d5_B3,0.41568750000000004,0.4048,42,0.48109999999999997,0.2852875
PAPER_dcas_T50_seed11_d5_B3,0.3982875,0.4742,43,0.4761,0.2906625000000001
PAPER_dcas_T50_seed11_d5_B3,0.4152125,0.4689,44,0.47729999999999995,0.2867375
PAPER_dcas_T50_seed11_d5_B3,0.4076625,0.5238,45,0.48369999999999996,0.2766375
PAPER_dcas_T50_seed11_d5_B3,0.41187500000000005,0.4751,46,0.4808,0.30855
PAPER_dcas_T50_seed11_d5_B3,0.37635,0.5111,47,0.50765,0.319775
PAPER_dcas_T50_seed11_d5_B3,0.40618750000000003,0.5301,48,0.534,0.32868749999999997
PAPER_dcas_T50_seed11_d5_B3,0.34657499999999997,0.4776,49,0.47874999999999995,0.27375
PAPER_dcas_T50_seed12_d5_B3,0.270875,0.1523,0,0.20764999999999997,0.08277500000000002
PAPER_dcas_T50_seed12_d5_B3,0.2992375,0.1739,1,0.2219,0.0969625
PAPER_dcas_T50_seed12_d5_B3,0.3242125,0.2087,2,0.2652,0.14101249999999999
PAPER_dcas_T50_seed12_d5_B3,0.35973749999999993,0.2793,3,0.29525,0.1714375
PAPER_dcas_T50_seed12_d5_B3,0.37423750000000006,0.2861,4,0.3052,0.1817625
PAPER_dcas_T50_seed12_d5_B3,0.34307499999999996,0.3226,5,0.3214,0.20002500000000004
PAPER_dcas_T50_seed12_d5_B3,0.33443750000000005,0.3034,6,0.2954,0.17146250000000002
PAPER_dcas_T50_seed12_d5_B3,0.326075,0.3482,7,0.3378,0.2153
PAPER_dcas_T50_seed12_d5_B3,0.24125000000000002,0.1772,8,0.18695,0.181075
PAPER_dcas_T50_seed12_d5_B3,0.23280000000000003,0.1893,9,0.20164999999999997,0.165275
PAPER_dcas_T50_seed12_d5_B3,0.25648750000000003,0.2536,10,0.2522,0.1950125
PAPER_dcas_T50_seed12_d5_B3,0.1954125,0.2475,11,0.22545,0.18538749999999998
PAPER_dcas_T50_seed12_d5_B3,0.2259,0.1015,12,0.16804999999999998,0.1288
PAPER_dcas_T50_seed12_d5_B3,0.2481125,0.1548,13,0.23015,0.1732125
PAPER_dcas_T50_seed12_d5_B3,0.27533749999999996,0.2946,14,0.30025,0.22168749999999998
PAPER_dcas_T50_seed12_d5_B3,0.3335375,0.2222,15,0.30855,0.20761250000000003
PAPER_dcas_T50_seed12_d5_B3,0.3204625,0.2946,16,0.33075000000000004,0.22943749999999996
PAPER_dcas_T50_seed12_d5_B3,0.318775,0.3149,17,0.37105,0.28454999999999997
PAPER_dcas_T50_seed12_d5_B3,0.19885000000000003,0.1612,18,0.21269999999999997,0.174075
PAPER_dcas_T50_seed12_d5_B3,0.22995000000000002,0.2489,19,0.31210000000000004,0.23535000000000003
PAPER_dcas_T50_seed12_d5_B3,0.23078749999999998,0.1299,20,0.2447,0.15238749999999998
PAPER_dcas_T50_seed12_d5_B3,0.20917500000000003,0.2483,21,0.3155,0.22737499999999997
PAPER_dcas_T50_seed12_d5_B3,0.2882625,0.3658,22,0.37315,0.2633375
PAPER_dcas_T50_seed12_d5_B3,0.2933875,0.3533,23,0.33295,0.2405125
PAPER_dcas_T50_seed12_d5_B3,0.34145,0.3982,24,0.3625,0.24337499999999998
PAPER_dcas_T50_seed12_d5_B3,0.3265625,0.4494,25,0.40995,0.2887625
PAPER_dcas_T50_seed12_d5_B3,0.3174625,0.3911,26,0.42190000000000005,0.31408749999999996
PAPER_dcas_T50_seed12_d5_B3,0.348425,0.4268,27,0.44480000000000003,0.33367499999999994
PAPER_dcas_T50_seed12_d5_B3,0.3410625,0.4613,28,0.45255,0.3344875
PAPER_dcas_T50_seed12_d5_B3,0.3419125,0.4524,29,0.45940000000000014,0.34346249999999995
PAPER_dcas_T50_seed12_d5_B3,0.3804125,0.4609,30,0.44365,0.3233375
PAPER_dcas_T50_seed12_d5_B3,0.32500000000000007,0.4201,31,0.44125,0.32875
PAPER_dcas_T50_seed12_d5_B3,0.33187500000000003,0.4605,32,0.4366999999999999,0.32145
PAPER_dcas_T50_seed12_d5_B3,0.3353625,0.4539,33,0.44535,0.33866250000000003
PAPER_dcas_T50_seed12_d5_B3,0.32491250000000005,0.4459,34,0.44205000000000005,0.33148749999999993
PAPER_dcas_T50_seed12_d5_B3,0.4109375,0.3534,35,0.3961,0.29166250000000005
PAPER_dcas_T50_seed12_d5_B3,0.35062499999999996,0.4056,36,0.4125,0.30075
PAPER_dcas_T50_seed12_d5_B3,0.40759999999999996,0.4005,37,0.42750000000000005,0.31425000000000003
PAPER_dcas_T50_seed12_d5_B3,0.40354999999999996,0.4483,38,0.43784999999999996,0.324225
PAPER_dcas_T50_seed12_d5_B3,0.3736625,0.3877,39,0.40280000000000005,0.30886250000000004
PAPER_dcas_T50_seed12_d5_B3,0.4118375,0.4457,40,0.44155000000000005,0.33523749999999997
PAPER_dcas_T50_seed12_d5_B3,0.37339999999999995,0.4717,41,0.48810000000000003,0.389725
PAPER_dcas_T50_seed12_d5_B3,0.395425,0.3694,42,0.4190499999999999,0.34954999999999997
PAPER_dcas_T50_seed12_d5_B3,0.39176249999999996,0.4294,43,0.45920000000000005,0.35776250000000004
PAPER_dcas_T50_seed12_d5_B3,0.39875,0.4724,44,0.47205,0.35755
PAPER_dcas_T50_seed12_d5_B3,0.40730000000000005,0.4352,45,0.46719999999999995,0.353325
PAPER_dcas_T50_seed12_d5_B3,0.39732500000000004,0.4704,46,0.4871,0.3726
PAPER_dcas_T50_seed12_d5_B3,0.3236125,0.4859,47,0.5048,0.3973625
PAPER_dcas_T50_seed12_d5_B3,0.41605,0.4826,48,0.4864,0.37065
PAPER_dcas_T50_seed12_d5_B3,0.349225,0.5153,49,0.4551,0.34485
PAPER_dcas_T50_seed13_d5_B3,0.2633375,0.1301,0,0.2617,0.09813750000000002
PAPER_dcas_T50_seed13_d5_B3,0.2929999999999999,0.1979,1,0.28485,0.106975
PAPER_dcas_T50_seed13_d5_B3,0.3072125,0.2244,2,0.30515000000000003,0.11808750000000001
PAPER_dcas_T50_seed13_d5_B3,0.3344125,0.2259,3,0.29935,0.11491250000000001
PAPER_dcas_T50_seed13_d5_B3,0.32853750000000004,0.2743,4,0.34795,0.14601250000000002
PAPER_dcas_T50_seed13_d5_B3,0.33457499999999996,0.2948,5,0.3568,0.151675
PAPER_dcas_T50_seed13_d5_B3,0.3258125,0.3124,6,0.3506,0.14428749999999999
PAPER_dcas_T50_seed13_d5_B3,0.33176249999999996,0.2889,7,0.33465,0.1483375
PAPER_dcas_T50_seed13_d5_B3,0.2187875,0.2181,8,0.1907,0.1712625
PAPER_dcas_T50_seed13_d5_B3,0.209925,0.2251,9,0.209,0.16862500000000002
PAPER_dcas_T50_seed13_d5_B3,0.25968749999999996,0.2562,10,0.31565,0.1992125
PAPER_dcas_T50_seed13_d5_B3,0.2995625,0.2698,11,0.3397,0.18688749999999998
PAPER_dcas_T50_seed13_d5_B3,0.2867,0.2577,12,0.3257,0.16257500000000003
PAPER_dcas_T50_seed13_d5_B3,0.2763125,0.2672,13,0.3298,0.16723749999999998
PAPER_dcas_T50_seed13_d5_B3,0.41835000000000006,0.2994,14,0.37115,0.19990000000000002
PAPER_dcas_T50_seed13_d5_B3,0.33778749999999996,0.29,15,0.3673,0.2137375
PAPER_dcas_T50_seed13_d5_B3,0.25439999999999996,0.1801,16,0.27904999999999996,0.16242499999999999
PAPER_dcas_T50_seed13_d5_B3,0.3197,0.2426,17,0.32220000000000004,0.181575
PAPER_dcas_T50_seed13_d5_B3,0.2781375,0.2831,18,0.31185000000000007,0.1866625
PAPER_dcas_T50_seed13_d5_B3,0.27343750000000006,0.2929,19,0.3133,0.1726125
PAPER_dcas_T50_seed13_d5_B3,0.2740125,0.2158,20,0.36360000000000003,0.1977875
PAPER_dcas_T50_seed13_d5_B3,0.2506375,0.3085,21,0.4023,0.2194875
PAPER_dcas_T50_seed13_d5_B3,0.3146375,0.2747,22,0.36295,0.17176249999999998
PAPER_dcas_T50_seed13_d5_B3,0.3134625,0.3196,23,0.37705,0.18373750000000003
PAPER_dcas_T50_seed13_d5_B3,0.32166249999999996,0.3179,24,0.3623,0.1599875
PAPER_dcas_T50_seed13_d5_B3,0.2993125,0.2815,25,0.31870000000000004,0.1503875
PAPER_dcas_T50_seed13_d5_B3,0.3175875,0.3234,26,0.3674,0.1818375
PAPER_dcas_T50_seed13_d5_B3,0.314475,0.3513,27,0.4008,0.18429999999999996
PAPER_dcas_T50_seed13_d5_B3,0.29681250000000003,0.3521,28,0.38155,0.19511249999999997
PAPER_dcas_T50_seed13_d5_B3,0.3030375,0.3668,29,0.3923,0.1836125
PAPER_dcas_T50_seed13_d5_B3,0.35874999999999996,0.2836,30,0.3602,0.17219999999999996
PAPER_dcas_T50_seed13_d5_B3,0.34917499999999996,0.3055,31,0.35900000000000004,0.167
PAPER_dcas_T50_seed13_d5_B3,0.34623750000000003,0.3815,32,0.42330000000000007,0.21473749999999997
PAPER_dcas_T50_seed13_d5_B3,0.3211875,0.3489,33,0.34750000000000003,0.14743750000000003
PAPER_dcas_T50_seed13_d5_B3,0.37477499999999997,0.2778,34,0.39725,0.20825
PAPER_dcas_T50_seed13_d5_B3,0.34968750000000004,0.3037,35,0.3863,0.19761250000000002
PAPER_dcas_T50_seed13_d5_B3,0.3910874999999999,0.3798,36,0.4309,0.22771250000000004
PAPER_dcas_T50_seed13_d5_B3,0.36365000000000003,0.3509,37,0.4342,0.2212
PAPER_dcas_T50_seed13_d5_B3,0.2545875,0.3649,38,0.33225000000000005,0.18231250000000002
PAPER_dcas_T50_seed13_d5_B3,0.36123750000000004,0.3794,39,0.38330000000000003,0.1762375
PAPER_dcas_T50_seed13_d5_B3,0.3473625,0.3947,40,0.34995,0.16638749999999997
PAPER_dcas_T50_seed13_d5_B3,0.37313750000000007,0.4076,41,0.40650000000000003,0.1856875
PAPER_dcas_T50_seed13_d5_B3,0.35482500000000006,0.4029,42,0.40065,0.193525
PAPER_dcas_T50_seed13_d5_B3,0.37475,0.4458,43,0.39544999999999997,0.19594999999999999
PAPER_dcas_T50_seed13_d5_B3,0.306,0.3817,44,0.4284,0.230025
PAPER_dcas_T50_seed13_d5_B3,0.2896875,0.4311,45,0.4568499999999999,0.2464125
PAPER_dcas_T50_seed13_d5_B3,0.3084625,0.3508,46,0.37755,0.20461250000000003
PAPER_dcas_T50_seed13_d5_B3,0.2733625,0.3656,47,0.4276,0.23053749999999998
PAPER_dcas_T50_seed13_d5_B3,0.2815125,0.4096,48,0.4290999999999999,0.21603750000000002
PAPER_dcas_T50_seed13_d5_B3,0.30393749999999997,0.4199,49,0.44720000000000004,0.23476249999999999
PAPER_dcasg_T50_seed11_d5_B3,0.2410125,0.1355,0,0.2189,0.0820875
PAPER_dcasg_T50_seed11_d5_B3,0.26946250000000005,0.2008,1,0.2373,0.0906125
PAPER_dcasg_T50_seed11_d5_B3,0.2971125,0.2584,2,0.3127,0.12763750000000001
PAPER_dcasg_T50_seed11_d5_B3,0.2896375,0.298,3,0.30724999999999997,0.1290625
PAPER_dcasg_T50_seed11_d5_B3,0.3098875,0.3166,4,0.3317,0.1492625
PAPER_dcasg_T50_seed11_d5_B3,0.31734999999999997,0.3443,5,0.36105,0.1738
PAPER_dcasg_T50_seed11_d5_B3,0.3506625,0.3839,6,0.38825000000000004,0.1928125
PAPER_dcasg_T50_seed11_d5_B3,0.35858749999999995,0.4077,7,0.4194,0.23533750000000003
PAPER_dcasg_T50_seed11_d5_B3,0.19748749999999998,0.2708,8,0.10415,0.23446250000000002
PAPER_dcasg_T50_seed11_d5_B3,0.19933750000000003,0.3061,9,0.23900000000000002,0.2766875
PAPER_dcasg_T50_seed11_d5_B3,0.24515000000000003,0.2981,10,0.26355,0.2363
PAPER_dcasg_T50_seed11_d5_B3,0.20595,0.3518,11,0.32015000000000005,0.283775
PAPER_dcasg_T50_seed11_d5_B3,0.26978749999999996,0.3466,12,0.31215000000000004,0.2594625
PAPER_dcasg_T50_seed11_d5_B3,0.2542750000000001,0.3737,13,0.3442,0.27494999999999997
PAPER_dcasg_T50_seed11_d5_B3,0.23646250000000002,0.23,14,0.2871,0.23403749999999998
PAPER_dcasg_T50_seed11_d5_B3,0.219475,0.2364,15,0.2936,0.230975
PAPER_dcasg_T50_seed11_d5_B3,0.2302375,0.2491,16,0.32395,0.22251249999999997
PAPER_dcasg_T50_seed11_d5_B3,0.223325,0.3643,17,0.3699,0.2549
PAPER_dcasg_T50_seed11_d5_B3,0.3461,0.3397,18,0.46175,0.286875
PAPER_dcasg_T50_seed11_d5_B3,0.29925,0.3573,19,0.41305,0.237675
PAPER_dcasg_T50_seed11_d5_B3,0.318675,0.3789,20,0.39794999999999997,0.2022
PAPER_dcasg_T50_seed11_d5_B3,0.34645,0.4496,21,0.41665,0.211775
PAPER_dcasg_T50_seed11_d5_B3,0.2639625,0.2504,22,0.31585,0.15966249999999998
PAPER_dcasg_T50_seed11_d5_B3,0.353875,0.46,23,0.43685,0.22485
PAPER_dcasg_T50_seed11_d5_B3,0.395825,0.3828,24,0.45120000000000005,0.2537
PAPER_dcasg_T50_seed11_d5_B3,0.379175,0.3771,25,0.44184999999999997,0.26022500000000004
PAPER_dcasg_T50_seed11_d5_B3,0.3977,0.381,26,0.41679999999999995,0.24042500000000003
PAPER_dcasg_T50_seed11_d5_B3,0.29745,0.3804,27,0.37475,0.205625
PAPER_dcasg_T50_seed11_d5_B3,0.26539999999999997,0.3413,28,0.41775,0.24500000000000002
PAPER_dcasg_T50_seed11_d5_B3,0.28578749999999997,0.3535,29,0.36979999999999996,0.1864875
PAPER_dcasg_T50_seed11_d5_B3,0.38544999999999996,0.4806,30,0.46820000000000006,0.25882499999999997
PAPER_dcasg_T50_seed11_d5_B3,0.2865375,0.4276,31,0.40695,0.2140125
PAPER_dcasg_T50_seed11_d5_B3,0.37547500000000006,0.4212,32,0.4809,0.28365
PAPER_dcasg_T50_seed11_d5_B3,0.3953875,0.4982,33,0.47075000000000006,0.2766875
PAPER_dcasg_T50_seed11_d5_B3,0.41061249999999994,0.4656,34,0.46020000000000005,0.2597625
PAPER_dcasg_T50_seed11_d5_B3,0.3873875,0.3958,35,0.48719999999999997,0.2998875
PAPER_dcasg_T50_seed11_d5_B3,0.34702500000000003,0.4788,36,0.42800000000000005,0.22949999999999998
PAPER_dcasg_T50_seed11_d5_B3,0.3964625,0.4887,37,0.46535000000000004,0.2761625
PAPER_dcasg_T50_seed11_d5_B3,0.31353749999999997,0.3574,38,0.4566,0.2907875
PAPER_dcasg_T50_seed11_d5_B3,0.30817500000000003,0.4494,39,0.46094999999999997,0.26232500000000003
PAPER_dcasg_T50_seed11_d5_B3,0.35805,0.5035,40,0.48545000000000005,0.275575
PAPER_dcasg_T50_seed11_d5_B3,0.37960000000000005,0.4443,41,0.4354,0.24190000000000006
PAPER_dcasg_T50_seed11_d5_B3,0.4053375,0.4936,42,0.489,0.29331250000000003
PAPER_dcasg_T50_seed11_d5_B3,0.37566249999999995,0.4813,43,0.43979999999999997,0.2242375
PAPER_dcasg_T50_seed11_d5_B3,0.41694999999999993,0.4909,44,0.5167499999999999,0.305625
PAPER_dcasg_T50_seed11_d5_B3,0.42056249999999995,0.5228,45,0.5006,0.2820375
PAPER_dcasg_T50_seed11_d5_B3,0.35178750000000003,0.5247,46,0.5307499999999999,0.3236875
PAPER_dcasg_T50_seed11_d5_B3,0.33930000000000005,0.5262,47,0.48505000000000004,0.28855
PAPER_dcasg_T50_seed11_d5_B3,0.35061250000000005,0.5402,48,0.52575,0.31831250000000005
PAPER_dcasg_T50_seed11_d5_B3,0.3491625,0.5329,49,0.51185,0.3059125
PAPER_dcasg_T50_seed12_d5_B3,0.27435,0.1599,0,0.20455,0.079675
PAPER_dcasg_T50_seed12_d5_B3,0.3166875,0.1664,1,0.23210000000000003,0.10728749999999998
PAPER_dcasg_T50_seed12_d5_B3,0.3111375,0.2085,2,0.26315,0.1388375
PAPER_dcasg_T50_seed12_d5_B3,0.346475,0.2705,3,0.28600000000000003,0.162125
PAPER_dcasg_T50_seed12_d5_B3,0.3655875,0.297,4,0.3055,0.1821875
PAPER_dcasg_T50_seed12_d5_B3,0.3436,0.3114,5,0.31484999999999996,0.1921
PAPER_dcasg_T50_seed12_d5_B3,0.34135,0.283,6,0.30405000000000004,0.180425
PAPER_dcasg_T50_seed12_d5_B3,0.32075000000000004,0.3599,7,0.34574999999999995,0.22325
PAPER_dcasg_T50_seed12_d5_B3,0.3235875,0.2449,8,0.22224999999999998,0.2300625
PAPER_dcasg_T50_seed12_d5_B3,0.3039125,0.2374,9,0.22014999999999998,0.2043375
PAPER_dcasg_T50_seed12_d5_B3,0.2945999999999999,0.1972,10,0.22294999999999998,0.1752
PAPER_dcasg_T50_seed12_d5_B3,0.28422500000000006,0.2302,11,0.25255,0.181425
PAPER_dcasg_T50_seed12_d5_B3,0.1997375,0.1,12,0.14494999999999997,0.1161375
PAPER_dcasg_T50_seed12_d5_B3,0.1660125,0.1257,13,0.1687,0.1416375
PAPER_dcasg_T50_seed12_d5_B3,0.29045,0.2083,14,0.27545,0.20132500000000003
PAPER_dcasg_T50_seed12_d5_B3,0.2761625,0.1834,15,0.28705,0.21123750000000002
PAPER_dcasg_T50_seed12_d5_B3,0.18624999999999997,0.1706,16,0.25305,0.19355
PAPER_dcasg_T50_seed12_d5_B3,0.208025,0.205,17,0.27959999999999996,0.20372500000000002
PAPER_dcasg_T50_seed12_d5_B3,0.19798749999999998,0.1126,18,0.2121,0.1370375
PAPER_dcasg_T50_seed12_d5_B3,0.20564999999999997,0.2096,19,0.3105,0.21349999999999997
PAPER_dcasg_T50_seed12_d5_B3,0.3757749999999999,0.417,20,0.38155,0.26217499999999994
PAPER_dcasg_T50_seed12_d5_B3,0.35645,0.4366,21,0.4269,0.31115000000000004
PAPER_dcasg_T50_seed12_d5_B3,0.35503749999999995,0.3804,22,0.33235,0.2091625
PAPER_dcasg_T50_seed12_d5_B3,0.379175,0.4134,23,0.3721,0.248475
PAPER_dcasg_T50_seed12_d5_B3,0.37744999999999995,0.4012,24,0.41039999999999993,0.294025
PAPER_dcasg_T50_seed12_d5_B3,0.377675,0.4317,25,0.38799999999999996,0.26637500000000003
PAPER_dcasg_T50_seed12_d5_B3,0.3867875,0.3936,26,0.38805,0.2672375
PAPER_dcasg_T50_seed12_d5_B3,0.3899875,0.4156,27,0.39960000000000007,0.27753750000000005
PAPER_dcasg_T50_seed12_d5_B3,0.3533125,0.2998,28,0.32755,0.28623750000000003
PAPER_dcasg_T50_seed12_d5_B3,0.3549625,0.3645,29,0.37685,0.30491250000000003
PAPER_dcasg_T50_seed12_d5_B3,0.37397500000000006,0.3856,30,0.4173,0.33554999999999996
PAPER_dcasg_T50_seed12_d5_B3,0.39994999999999997,0.3883,31,0.4050000000000001,0.311
PAPER_dcasg_T50_seed12_d5_B3,0.354725,0.3997,32,0.38445,0.28195000000000003
PAPER_dcasg_T50_seed12_d5_B3,0.358325,0.3981,33,0.4119,0.32165
PAPER_dcasg_T50_seed12_d5_B3,0.30035,0.4364,34,0.4074,0.326775
PAPER_dcasg_T50_seed12_d5_B3,0.37865000000000004,0.4022,35,0.39940000000000003,0.28589999999999993
PAPER_dcasg_T50_seed12_d5_B3,0.3547625,0.4289,36,0.46545000000000003,0.35901249999999996
PAPER_dcasg_T50_seed12_d5_B3,0.403625,0.4227,37,0.4077,0.2937
PAPER_dcasg_T50_seed12_d5_B3,0.3622125,0.4247,38,0.42225,0.3044375
PAPER_dcasg_T50_seed12_d5_B3,0.379425,0.416,39,0.4125,0.294625
PAPER_dcasg_T50_seed12_d5_B3,0.43086250000000004,0.337,40,0.37095,0.2906375
PAPER_dcasg_T50_seed12_d5_B3,0.3927875,0.3939,41,0.40090000000000003,0.2818375
PAPER_dcasg_T50_seed12_d5_B3,0.3064375,0.3906,42,0.42214999999999997,0.3560875
PAPER_dcasg_T50_seed12_d5_B3,0.3558125,0.461,43,0.48445,0.3763875
PAPER_dcasg_T50_seed12_d5_B3,0.38075000000000003,0.464,44,0.4946,0.390725
PAPER_dcasg_T50_seed12_d5_B3,0.30928750000000005,0.5139,45,0.51495,0.4117624999999999
PAPER_dcasg_T50_seed12_d5_B3,0.38639999999999997,0.485,46,0.4358000000000001,0.32705
PAPER_dcasg_T50_seed12_d5_B3,0.3519375,0.5189,47,0.4918,0.3848625
PAPER_dcasg_T50_seed12_d5_B3,0.37516249999999995,0.5001,48,0.5177,0.4178875000000001
PAPER_dcasg_T50_seed12_d5_B3,0.30992500000000006,0.5296,49,0.5065000000000001,0.40675
PAPER_dcasg_T50_seed13_d5_B3,0.30493750000000003,0.1175,0,0.3261,0.1222875
PAPER_dcasg_T50_seed13_d5_B3,0.31886249999999994,0.2244,1,0.38689999999999997,0.14508749999999998
PAPER_dcasg_T50_seed13_d5_B3,0.33745,0.2385,2,0.3964,0.14865
PAPER_dcasg_T50_seed13_d5_B3,0.29888750000000003,0.2858,3,0.39585,0.14853750000000002
PAPER_dcasg_T50_seed13_d5_B3,0.3232875,0.2529,4,0.39025,0.14656249999999998
PAPER_dcasg_T50_seed13_d5_B3,0.323925,0.2907,5,0.41395,0.1567
PAPER_dcasg_T50_seed13_d5_B3,0.3363125,0.3294,6,0.44815000000000005,0.1687125
PAPER_dcasg_T50_seed13_d5_B3,0.3405625,0.328,7,0.45394999999999996,0.1703875
PAPER_dcasg_T50_seed13_d5_B3,0.1886625,0.2141,8,0.1851,0.1776625
PAPER_dcasg_T50_seed13_d5_B3,0.2305875,0.2465,9,0.33609999999999995,0.20641250000000003
PAPER_dcasg_T50_seed13_d5_B3,0.303175,0.3119,10,0.4053,0.233175
PAPER_dcasg_T50_seed13_d5_B3,0.3118875,0.2783,11,0.43359999999999993,0.21378749999999996
PAPER_dcasg_T50_seed13_d5_B3,0.2760000000000001,0.2466,12,0.38500000000000006,0.17987499999999998
PAPER_dcasg_T50_seed13_d5_B3,0.341225,0.2782,13,0.4298,0.178925
PAPER_dcasg_T50_seed13_d5_B3,0.279275,0.2469,14,0.2805,0.167625
PAPER_dcasg_T50_seed13_d5_B3,0.2507,0.2427,15,0.28359999999999996,0.17160000000000003
PAPER_dcasg_T50_seed13_d5_B3,0.2501125,0.2664,16,0.36045000000000005,0.1865125
PAPER_dcasg_T50_seed13_d5_B3,0.24925000000000003,0.3222,17,0.39344999999999997,0.207575
PAPER_dcasg_T50_seed13_d5_B3,0.19607500000000003,0.1333,18,0.32495,0.16545000000000004
PAPER_dcasg_T50_seed13_d5_B3,0.2812125,0.2091,19,0.42024999999999996,0.20231249999999998
PAPER_dcasg_T50_seed13_d5_B3,0.24077500000000004,0.2769,20,0.3998,0.20479999999999995
PAPER_dcasg_T50_seed13_d5_B3,0.31255,0.3179,21,0.46630000000000005,0.20729999999999998
PAPER_dcasg_T50_seed13_d5_B3,0.3377125,0.2765,22,0.4407,0.1778875
PAPER_dcasg_T50_seed13_d5_B3,0.313025,0.3084,23,0.43705,0.175925
PAPER_dcasg_T50_seed13_d5_B3,0.35649999999999993,0.3341,24,0.48200000000000004,0.1865
PAPER_dcasg_T50_seed13_d5_B3,0.33348750000000005,0.3129,25,0.43170000000000003,0.1660125
PAPER_dcasg_T50_seed13_d5_B3,0.3563375,0.3295,26,0.4563,0.1847375
PAPER_dcasg_T50_seed13_d5_B3,0.33363750000000003,0.3134,27,0.40659999999999996,0.1621625
PAPER_dcasg_T50_seed13_d5_B3,0.3190375,0.3398,28,0.4344,0.18258749999999999
PAPER_dcasg_T50_seed13_d5_B3,0.36873750000000005,0.3585,29,0.49585,0.19853750000000003
PAPER_dcasg_T50_seed13_d5_B3,0.3521875,0.3302,30,0.45385,0.1872875
PAPER_dcasg_T50_seed13_d5_B3,0.353475,0.3401,31,0.4897,0.20295000000000002
PAPER_dcasg_T50_seed13_d5_B3,0.3579625,0.3697,32,0.4928,0.2126125
PAPER_dcasg_T50_seed13_d5_B3,0.3697875,0.374,33,0.48149999999999993,0.20618750000000002
PAPER_dcasg_T50_seed13_d5_B3,0.33375,0.3612,34,0.438,0.17700000000000002
PAPER_dcasg_T50_seed13_d5_B3,0.37246250000000003,0.3469,35,0.50875,0.2265625
PAPER_dcasg_T50_seed13_d5_B3,0.35362499999999997,0.3861,36,0.50125,0.21800000000000003
PAPER_dcasg_T50_seed13_d5_B3,0.3639375,0.3763,37,0.5065500000000001,0.2291125
PAPER_dcasg_T50_seed13_d5_B3,0.3438875,0.3593,38,0.51555,0.22098749999999998
PAPER_dcasg_T50_seed13_d5_B3,0.36665,0.3683,39,0.5361,0.23347500000000002
PAPER_dcasg_T50_seed13_d5_B3,0.351475,0.2676,40,0.44980000000000003,0.21955
PAPER_dcasg_T50_seed13_d5_B3,0.354675,0.3758,41,0.5073000000000001,0.22954999999999998
PAPER_dcasg_T50_seed13_d5_B3,0.369275,0.3887,42,0.5267,0.2412
PAPER_dcasg_T50_seed13_d5_B3,0.3543375,0.4103,43,0.54345,0.2351375
PAPER_dcasg_T50_seed13_d5_B3,0.342325,0.4096,44,0.5212,0.22445000000000004
PAPER_dcasg_T50_seed13_d5_B3,0.35972499999999996,0.3905,45,0.5288,0.231175
PAPER_dcasg_T50_seed13_d5_B3,0.37065,0.4234,46,0.54265,0.2344
PAPER_dcasg_T50_seed13_d5_B3,0.364325,0.411,47,0.50465,0.22015
PAPER_dcasg_T50_seed13_d5_B3,0.3695875,0.4069,48,0.5285,0.22218750000000004
PAPER_dcasg_T50_seed13_d5_B3,0.36260000000000003,0.4064,49,0.54245,0.239325
PAPER_obcmpc_T50_seed11_d5_B3_k2_h0,0.32497500000000007,0.1467,0,0.33,0.12375
PAPER_obcmpc_T50_seed11_d5_B3_k2_h0,0.3208125,0.208,1,0.3657,0.13713750000000002
PAPER_obcmpc_T50_seed11_d5_B3_k2_h0,0.37292500000000006,0.2708,2,0.42619999999999997,0.159825
PAPER_obcmpc_T50_seed11_d5_B3_k2_h0,0.39666250000000003,0.3155,3,0.4537,0.1702625
PAPER_obcmpc_T50_seed11_d5_B3_k2_h0,0.38500000000000006,0.3187,4,0.44139999999999996,0.1659
PAPER_obcmpc_T50_seed11_d5_B3_k2_h0,0.395475,0.3247,5,0.41395,0.15645
PAPER_obcmpc_T50_seed11_d5_B3_k2_h0,0.38387499999999997,0.348,6,0.4465,0.170875
PAPER_obcmpc_T50_seed11_d5_B3_k2_h0,0.4036375,0.3458,7,0.4612,0.17588749999999997
PAPER_obcmpc_T50_seed11_d5_B3_k2_h0,0.2993625,0.1266,8,0.3132,0.1318875
PAPER_obcmpc_T50_seed11_d5_B3_k2_h0,0.29826250000000004,0.1661,9,0.34630000000000005,0.1478625
PAPER_obcmpc_T50_seed11_d5_B3_k2_h0,0.3411875,0.1727,10,0.44480000000000003,0.1797375
PAPER_obcmpc_T50_seed11_d5_B3_k2_h0,0.33886249999999996,0.2206,11,0.43465,0.17371250000000002
PAPER_obcmpc_T50_seed11_d5_B3_k2_h0,0.29202500000000003,0.1754,12,0.28390000000000004,0.14502500000000002
PAPER_obcmpc_T50_seed11_d5_B3_k2_h0,0.2775250000000001,0.2588,13,0.30945,0.154325
PAPER_obcmpc_T50_seed11_d5_B3_k2_h0,0.24364999999999998,0.3025,14,0.41345,0.20995
PAPER_obcmpc_T50_seed11_d5_B3_k2_h0,0.2931,0.2818,15,0.4225,0.19725
PAPER_obcmpc_T50_seed11_d5_B3_k2_h0,0.24976249999999997,0.18,16,0.3257,0.1587625
PAPER_obcmpc_T50_seed11_d5_B3_k2_h0,0.3373625,0.323,17,0.42169999999999996,0.19651249999999998
PAPER_obcmpc_T50_seed11_d5_B3_k2_h0,0.323175,0.2276,18,0.37855,0.18042500000000003
PAPER_obcmpc_T50_seed11_d5_B3_k2_h0,0.38092499999999996,0.3227,19,0.4332,0.19682499999999997
PAPER_obcmpc_T50_seed11_d5_B3_k2_h0,0.37891250000000004,0.3464,20,0.43745,0.1760125
PAPER_obcmpc_T50_seed11_d5_B3_k2_h0,0.4019125,0.353,21,0.49420000000000003,0.20326249999999998
PAPER_obcmpc_T50_seed11_d5_B3_k2_h0,0.4052875,0.3759,22,0.4927499999999999,0.1958125
PAPER_obcmpc_T50_seed11_d5_B3_k2_h0,0.4223,0.4019,23,0.4966500000000001,0.204525
PAPER_obcmpc_T50_seed11_d5_B3_k2_h0,0.397,0.282,24,0.4601,0.17622500000000002
PAPER_obcmpc_T50_seed11_d5_B3_k2_h0,0.4030625,0.2862,25,0.47385,0.18403750000000002
PAPER_obcmpc_T50_seed11_d5_B3_k2_h0,0.36448749999999996,0.2837,26,0.47115000000000007,0.23458750000000003
PAPER_obcmpc_T50_seed11_d5_B3_k2_h0,0.41156249999999994,0.3723,27,0.51715,0.2182125
PAPER_obcmpc_T50_seed11_d5_B3_k2_h0,0.42255000000000004,0.4354,28,0.5272,0.21770000000000006
PAPER_obcmpc_T50_seed11_d5_B3_k2_h0,0.441425,0.4405,29,0.5266,0.210975
PAPER_obcmpc_T50_seed11_d5_B3_k2_h0,0.4305875,0.39,30,0.51995,0.2160125
PAPER_obcmpc_T50_seed11_d5_B3_k2_h0,0.40745,0.399,31,0.49339999999999995,0.19777499999999998
PAPER_obcmpc_T50_seed11_d5_B3_k2_h0,0.4418875,0.4229,32,0.5283,0.22686249999999997
PAPER_obcmpc_T50_seed11_d5_B3_k2_h0,0.41118750000000004,0.4448,33,0.5164500000000001,0.21651250000000002
PAPER_obcmpc_T50_seed11_d5_B3_k2_h0,0.4352625,0.3838,34,0.52335,0.22341249999999996
PAPER_obcmpc_T50_seed11_d5_B3_k2_h0,0.44420000000000004,0.3982,35,0.5218,0.21005000000000001
PAPER_obcmpc_T50_seed11_d5_B3_k2_h0,0.40088750000000006,0.4526,36,0.49725,0.2074375
PAPER_obcmpc_T50_seed11_d5_B3_k2_h0,0.4459249999999999,0.4616,37,0.5250999999999999,0.2076
PAPER_obcmpc_T50_seed11_d5_B3_k2_h0,0.44041250000000004,0.4622,38,0.53345,0.22251250000000003
PAPER_obcmpc_T50_seed11_d5_B3_k2_h0,0.4073124999999999,0.3918,39,0.48185,0.19766250000000002
PAPER_obcmpc_T50_seed11_d5_B3_k2_h0,0.439325,0.4408,40,0.5191,0.21072499999999997
PAPER_obcmpc_T50_seed11_d5_B3_k2_h0,0.45513750000000003,0.477,41,0.5389000000000002,0.22108749999999996
PAPER_obcmpc_T50_seed11_d5_B3_k2_h0,0.4416125,0.4463,42,0.5295,0.2229375
PAPER_obcmpc_T50_seed11_d5_B3_k2_h0,0.4493625,0.4724,43,0.5453,0.2278625
PAPER_obcmpc_T50_seed11_d5_B3_k2_h0,0.43988749999999993,0.445,44,0.53175,0.22568749999999999
PAPER_obcmpc_T50_seed11_d5_B3_k2_h0,0.44800000000000006,0.4897,45,0.5458,0.22729999999999997
PAPER_obcmpc_T50_seed11_d5_B3_k2_h0,0.4599125,0.4435,46,0.5517,0.23576250000000004
PAPER_obcmpc_T50_seed11_d5_B3_k2_h0,0.46213750000000003,0.4917,47,0.5612,0.23676250000000004
PAPER_obcmpc_T50_seed11_d5_B3_k2_h0,0.44567499999999993,0.5014,48,0.5604,0.24877500000000002
PAPER_obcmpc_T50_seed11_d5_B3_k2_h0,0.425375,0.5002,49,0.52595,0.22319999999999998
PAPER_obcmpc_T50_seed12_d5_B3_k2_h0,0.2818,0.1536,0,0.21325,0.0885
PAPER_obcmpc_T50_seed12_d5_B3_k2_h0,0.32501250000000004,0.1758,1,0.2387,0.1141375
PAPER_obcmpc_T50_seed12_d5_B3_k2_h0,0.338825,0.2033,2,0.27735,0.153225
PAPER_obcmpc_T50_seed12_d5_B3_k2_h0,0.36176250000000004,0.2507,3,0.2893,0.16523749999999998
PAPER_obcmpc_T50_seed12_d5_B3_k2_h0,0.36606249999999996,0.2781,4,0.30269999999999997,0.1790125
PAPER_obcmpc_T50_seed12_d5_B3_k2_h0,0.33796250000000005,0.3185,5,0.31675000000000003,0.1978125
PAPER_obcmpc_T50_seed12_d5_B3_k2_h0,0.3421,0.3071,6,0.3133,0.18967499999999998
PAPER_obcmpc_T50_seed12_d5_B3_k2_h0,0.31542499999999996,0.3478,7,0.33655,0.2143
PAPER_obcmpc_T50_seed12_d5_B3_k2_h0,0.27399999999999997,0.2405,8,0.21234999999999998,0.153725
PAPER_obcmpc_T50_seed12_d5_B3_k2_h0,0.2569375,0.2502,9,0.2153,0.15886250000000002
PAPER_obcmpc_T50_seed12_d5_B3_k2_h0,0.195175,0.1461,10,0.22929999999999998,0.151175
PAPER_obcmpc_T50_seed12_d5_B3_k2_h0,0.2168625,0.2606,11,0.32455,0.20648750000000002
PAPER_obcmpc_T50_seed12_d5_B3_k2_h0,0.25152499999999994,0.3016,12,0.26025,0.179375
PAPER_obcmpc_T50_seed12_d5_B3_k2_h0,0.2616875,0.2985,13,0.2625,0.18006250000000001
PAPER_obcmpc_T50_seed12_d5_B3_k2_h0,0.2910375,0.2134,14,0.28815,0.1949625
PAPER_obcmpc_T50_seed12_d5_B3_k2_h0,0.3634375,0.2098,15,0.31465,0.1982125
PAPER_obcmpc_T50_seed12_d5_B3_k2_h0,0.24671250000000003,0.1581,16,0.25725,0.1774375
PAPER_obcmpc_T50_seed12_d5_B3_k2_h0,0.304,0.2966,17,0.37,0.27375
PAPER_obcmpc_T50_seed12_d5_B3_k2_h0,0.29700000000000004,0.2855,18,0.34045000000000003,0.2202
PAPER_obcmpc_T50_seed12_d5_B3_k2_h0,0.3584125,0.361,19,0.33845000000000003,0.21538749999999998
PAPER_obcmpc_T50_seed12_d5_B3_k2_h0,0.3139,0.3557,20,0.38844999999999996,0.2792
PAPER_obcmpc_T50_seed12_d5_B3_k2_h0,0.304825,0.3238,21,0.37020000000000003,0.261575
PAPER_obcmpc_T50_seed12_d5_B3_k2_h0,0.302575,0.3318,22,0.35185,0.24009999999999998
PAPER_obcmpc_T50_seed12_d5_B3_k2_h0,0.31185,0.3358,23,0.3612,0.24707500000000002
PAPER_obcmpc_T50_seed12_d5_B3_k2_h0,0.31077499999999997,0.3381,24,0.34754999999999997,0.250425
PAPER_obcmpc_T50_seed12_d5_B3_k2_h0,0.3656125,0.3951,25,0.38555,0.26636249999999995
PAPER_obcmpc_T50_seed12_d5_B3_k2_h0,0.26308750000000003,0.4137,26,0.3935,0.2768125
PAPER_obcmpc_T50_seed12_d5_B3_k2_h0,0.3264,0.4243,27,0.4142,0.296575
PAPER_obcmpc_T50_seed12_d5_B3_k2_h0,0.3649875,0.3595,28,0.37565,0.2707125
PAPER_obcmpc_T50_seed12_d5_B3_k2_h0,0.3193125,0.4003,29,0.39775000000000005,0.2933125
PAPER_obcmpc_T50_seed12_d5_B3_k2_h0,0.2897875,0.3949,30,0.39130000000000004,0.28673750000000003
PAPER_obcmpc_T50_seed12_d5_B3_k2_h0,0.31647499999999995,0.3723,31,0.36905,0.26042499999999996
PAPER_obcmpc_T50_seed12_d5_B3_k2_h0,0.31182499999999996,0.3768,32,0.40695,0.2932
PAPER_obcmpc_T50_seed12_d5_B3_k2_h0,0.319725,0.4001,33,0.4151999999999999,0.306075
PAPER_obcmpc_T50_seed12_d5_B3_k2_h0,0.3342125,0.3859,34,0.41885000000000006,0.31416249999999996
PAPER_obcmpc_T50_seed12_d5_B3_k2_h0,0.35487500000000005,0.3029,35,0.38075000000000003,0.31212499999999993
PAPER_obcmpc_T50_seed12_d5_B3_k2_h0,0.34554999999999997,0.2587,36,0.33885,0.264475
PAPER_obcmpc_T50_seed12_d5_B3_k2_h0,0.304675,0.332,37,0.38805000000000006,0.3133
PAPER_obcmpc_T50_seed12_d5_B3_k2_h0,0.36388750000000003,0.447,38,0.4766,0.3702875
PAPER_obcmpc_T50_seed12_d5_B3_k2_h0,0.32442499999999996,0.4326,39,0.45014999999999994,0.336775
PAPER_obcmpc_T50_seed12_d5_B3_k2_h0,0.33892500000000003,0.4322,40,0.41605,0.315175
PAPER_obcmpc_T50_seed12_d5_B3_k2_h0,0.31946250000000004,0.469,41,0.47190000000000004,0.37258749999999996
PAPER_obcmpc_T50_seed12_d5_B3_k2_h0,0.3075375,0.4575,42,0.46995,0.3761375
PAPER_obcmpc_T50_seed12_d5_B3_k2_h0,0.2938625,0.4498,43,0.4622,0.3668874999999999
PAPER_obcmpc_T50_seed12_d5_B3_k2_h0,0.3193125,0.437,44,0.42955,0.3201125
PAPER_obcmpc_T50_seed12_d5_B3_k2_h0,0.2964375,0.4459,45,0.4636,0.3636625
PAPER_obcmpc_T50_seed12_d5_B3_k2_h0,0.35395,0.4659,46,0.46385000000000004,0.363225
PAPER_obcmpc_T50_seed12_d5_B3_k2_h0,0.3087625,0.4444,47,0.47829999999999995,0.3737375
PAPER_obcmpc_T50_seed12_d5_B3_k2_h0,0.40669999999999995,0.4063,48,0.43285,0.33585
PAPER_obcmpc_T50_seed12_d5_B3_k2_h0,0.3214,0.4817,49,0.49660000000000004,0.408725
PAPER_obcmpc_T50_seed13_d5_B3_k2_h0,0.25435,0.1333,0,0.2532,0.09495
PAPER_obcmpc_T50_seed13_d5_B3_k2_h0,0.2995875,0.1943,1,0.2792,0.1048875
PAPER_obcmpc_T50_seed13_d5_B3_k2_h0,0.30519999999999997,0.2199,2,0.29245,0.111825
PAPER_obcmpc_T50_seed13_d5_B3_k2_h0,0.3337,0.2394,3,0.30069999999999997,0.11557500000000001
PAPER_obcmpc_T50_seed13_d5_B3_k2_h0,0.30334999999999995,0.2669,4,0.3398,0.144675
PAPER_obcmpc_T50_seed13_d5_B3_k2_h0,0.3202375,0.2926,5,0.3538,0.1539875
PAPER_obcmpc_T50_seed13_d5_B3_k2_h0,0.31905000000000006,0.3063,6,0.35025,0.14737499999999998
PAPER_obcmpc_T50_seed13_d5_B3_k2_h0,0.31901250000000003,0.2916,7,0.33605000000000007,0.1499875
PAPER_obcmpc_T50_seed13_d5_B3_k2_h0,0.219475,0.1114,8,0.12974999999999998,0.12987500000000002
PAPER_obcmpc_T50_seed13_d5_B3_k2_h0,0.18407500000000004,0.1325,9,0.15589999999999998,0.13777499999999998
PAPER_obcmpc_T50_seed13_d5_B3_k2_h0,0.2468375,0.1651,10,0.28304999999999997,0.1452375
PAPER_obcmpc_T50_seed13_d5_B3_k2_h0,0.250975,0.2251,11,0.33845000000000003,0.157825
PAPER_obcmpc_T50_seed13_d5_B3_k2_h0,0.22565,0.185,12,0.30369999999999997,0.16707500000000003
PAPER_obcmpc_T50_seed13_d5_B3_k2_h0,0.2528625,0.2133,13,0.2883,0.1287375
PAPER_obcmpc_T50_seed13_d5_B3_k2_h0,0.2812,0.1815,14,0.3153,0.14479999999999998
PAPER_obcmpc_T50_seed13_d5_B3_k2_h0,0.30005000000000004,0.1941,15,0.30460000000000004,0.13922500000000002
PAPER_obcmpc_T50_seed13_d5_B3_k2_h0,0.265625,0.2662,16,0.2987,0.15095
PAPER_obcmpc_T50_seed13_d5_B3_k2_h0,0.2941125,0.3054,17,0.34335000000000004,0.16391250000000002
PAPER_obcmpc_T50_seed13_d5_B3_k2_h0,0.30621249999999994,0.2767,18,0.37879999999999997,0.1697375
PAPER_obcmpc_T50_seed13_d5_B3_k2_h0,0.32524999999999993,0.3228,19,0.37959999999999994,0.161225
PAPER_obcmpc_T50_seed13_d5_B3_k2_h0,0.3352,0.2119,20,0.3873,0.19029999999999997
PAPER_obcmpc_T50_seed13_d5_B3_k2_h0,0.36422499999999997,0.2973,21,0.40015,0.1854
PAPER_obcmpc_T50_seed13_d5_B3_k2_h0,0.34476249999999997,0.2502,22,0.35229999999999995,0.13648749999999998
PAPER_obcmpc_T50_seed13_d5_B3_k2_h0,0.31965,0.3493,23,0.36129999999999995,0.15367499999999998
PAPER_obcmpc_T50_seed13_d5_B3_k2_h0,0.29155,0.4058,24,0.37374999999999997,0.172
PAPER_obcmpc_T50_seed13_d5_B3_k2_h0,0.3225,0.4001,25,0.40305,0.18955
PAPER_obcmpc_T50_seed13_d5_B3_k2_h0,0.3829375,0.3621,26,0.39465000000000006,0.1948375
PAPER_obcmpc_T50_seed13_d5_B3_k2_h0,0.35801249999999996,0.3745,27,0.39095,0.19088750000000002
PAPER_obcmpc_T50_seed13_d5_B3_k2_h0,0.32263749999999997,0.3779,28,0.38325,0.17843749999999997
PAPER_obcmpc_T50_seed13_d5_B3_k2_h0,0.33606250000000004,0.3881,29,0.42785,0.20641249999999997
PAPER_obcmpc_T50_seed13_d5_B3_k2_h0,0.292925,0.3541,30,0.4112,0.209825
PAPER_obcmpc_T50_seed13_d5_B3_k2_h0,0.33222499999999994,0.3602,31,0.3994,0.180525
PAPER_obcmpc_T50_seed13_d5_B3_k2_h0,0.3611375,0.3852,32,0.41339999999999993,0.2025875
PAPER_obcmpc_T50_seed13_d5_B3_k2_h0,0.34868750000000004,0.445,33,0.4205,0.2008125
PAPER_obcmpc_T50_seed13_d5_B3_k2_h0,0.34536249999999996,0.445,34,0.42695,0.2123875
PAPER_obcmpc_T50_seed13_d5_B3_k2_h0,0.34892499999999993,0.3511,35,0.42505,0.20917499999999997
PAPER_obcmpc_T50_seed13_d5_B3_k2_h0,0.3999375,0.2621,36,0.3806,0.20641249999999997
PAPER_obcmpc_T50_seed13_d5_B3_k2_h0,0.3806875,0.3837,37,0.44494999999999996,0.2251375
PAPER_obcmpc_T50_seed13_d5_B3_k2_h0,0.3617375,0.3694,38,0.4568,0.25273749999999995
PAPER_obcmpc_T50_seed13_d5_B3_k2_h0,0.35101249999999995,0.4238,39,0.4612,0.24838749999999998
PAPER_obcmpc_T50_seed13_d5_B3_k2_h0,0.363225,0.414,40,0.44959999999999994,0.22522499999999995
PAPER_obcmpc_T50_seed13_d5_B3_k2_h0,0.32405,0.4557,41,0.42665,0.21589999999999998
PAPER_obcmpc_T50_seed13_d5_B3_k2_h0,0.37860000000000005,0.4243,42,0.45165,0.233775
PAPER_obcmpc_T50_seed13_d5_B3_k2_h0,0.3630875,0.4358,43,0.43740000000000007,0.21096250000000003
PAPER_obcmpc_T50_seed13_d5_B3_k2_h0,0.3589874999999999,0.4054,44,0.4446,0.2252875
PAPER_obcmpc_T50_seed13_d5_B3_k2_h0,0.3529875,0.4361,45,0.44005,0.2329875
PAPER_obcmpc_T50_seed13_d5_B3_k2_h0,0.40183749999999996,0.3997,46,0.4476,0.24466249999999995
PAPER_obcmpc_T50_seed13_d5_B3_k2_h0,0.35271250000000004,0.447,47,0.47189999999999993,0.2553375
PAPER_obcmpc_T50_seed13_d5_B3_k2_h0,0.34384999999999993,0.4838,48,0.48045,0.26295
PAPER_obcmpc_T50_seed13_d5_B3_k2_h0,0.3550125,0.4213,49,0.45915,0.2380875
PAPER_oracle_T50_seed11,0.23871250000000002,0.1373,0,0.21609999999999996,0.08103750000000001
PAPER_oracle_T50_seed11,0.2765,0.2091,1,0.2562,0.10082499999999998
PAPER_oracle_T50_seed11,0.2862,0.258,2,0.3014,0.1234
PAPER_oracle_T50_seed11,0.34135000000000004,0.229,3,0.25205,0.14405
PAPER_oracle_T50_seed11,0.369125,0.2531,4,0.2767,0.160825
PAPER_oracle_T50_seed11,0.2456375,0.1862,5,0.2713,0.18073750000000002
PAPER_oracle_T50_seed11,0.20923750000000002,0.1787,6,0.3006,0.17778750000000004
PAPER_oracle_T50_seed11,0.2960375,0.1773,7,0.33209999999999995,0.1722875
PAPER_oracle_T50_seed11,0.28888749999999996,0.2167,8,0.34135,0.16716250000000002
PAPER_oracle_T50_seed11,0.3394625,0.1611,9,0.3298500000000001,0.1880375
PAPER_oracle_T50_seed11,0.36321250000000005,0.2512,10,0.3734,0.2062125
PAPER_oracle_T50_seed11,0.2823875,0.2803,11,0.37825,0.2200625
PAPER_oracle_T50_seed11,0.33932500000000004,0.349,12,0.39245,0.20557499999999998
PAPER_oracle_T50_seed11,0.32785,0.3237,13,0.4121,0.22672499999999998
PAPER_oracle_T50_seed11,0.31875,0.3668,14,0.44794999999999996,0.26595
PAPER_oracle_T50_seed11,0.22711250000000005,0.2613,15,0.36265000000000003,0.2287125
PAPER_oracle_T50_seed11,0.287825,0.3282,16,0.396,0.25750000000000006
PAPER_oracle_T50_seed11,0.2611625000000001,0.3424,17,0.39225000000000004,0.19156250000000002
PAPER_oracle_T50_seed11,0.26564999999999994,0.3836,18,0.40655,0.209675
PAPER_oracle_T50_seed11,0.3114375,0.4339,19,0.4492,0.25613749999999996
PAPER_oracle_T50_seed11,0.311225,0.4131,20,0.39695,0.203575
PAPER_oracle_T50_seed11,0.31565,0.2984,21,0.36629999999999996,0.229675
PAPER_oracle_T50_seed11,0.33022500000000005,0.426,22,0.46285,0.27035000000000003
PAPER_oracle_T50_seed11,0.35323750000000004,0.4257,23,0.44825,0.2651875
PAPER_oracle_T50_seed11,0.31476249999999995,0.405,24,0.4242,0.24751249999999997
PAPER_oracle_T50_seed11,0.42688750000000003,0.348,25,0.43289999999999995,0.25158749999999996
PAPER_oracle_T50_seed11,0.33728749999999996,0.445,26,0.44905,0.2711125
PAPER_oracle_T50_seed11,0.40418750000000003,0.374,27,0.4303,0.2497375
PAPER_oracle_T50_seed11,0.34313749999999993,0.4437,28,0.5140499999999999,0.32561249999999997
PAPER_oracle_T50_seed11,0.3366625,0.4443,29,0.4652,0.2628875
PAPER_oracle_T50_seed11,0.328175,0.4801,30,0.50245,0.3007
PAPER_oracle_T50_seed11,0.3398,0.4611,31,0.46564999999999995,0.2749
PAPER_oracle_T50_seed11,0.3341125,0.4773,32,0.49805,0.2996125
PAPER_oracle_T50_seed11,0.333225,0.5258,33,0.5206999999999999,0.311575
PAPER_oracle_T50_seed11,0.30989999999999995,0.4777,34,0.47535000000000005,0.26635
PAPER_oracle_T50_seed11,0.351125,0.4887,35,0.46585,0.263225
PAPER_oracle_T50_seed11,0.38203750000000003,0.4931,36,0.5174000000000001,0.32546250000000004
PAPER_oracle_T50_seed11,0.3475625,0.4852,37,0.47689999999999994,0.26108750000000003
PAPER_oracle_T50_seed11,0.3585625,0.4927,38,0.5226500000000001,0.3172125
PAPER_oracle_T50_seed11,0.2992875,0.4299,39,0.5134,0.3152125
PAPER_oracle_T50_seed11,0.3495625,0.5031,40,0.51445,0.3122625
PAPER_oracle_T50_seed11,0.35471249999999993,0.5145,41,0.48355000000000004,0.2869875
PAPER_oracle_T50_seed11,0.3644625,0.5224,42,0.51615,0.30096249999999997
PAPER_oracle_T50_seed11,0.3699125,0.5271,43,0.5355000000000001,0.35218750000000004
PAPER_oracle_T50_seed11,0.36791250000000003,0.5379,44,0.52705,0.33586250000000006
PAPER_oracle_T50_seed11,0.32355,0.4639,45,0.5173,0.3188
PAPER_oracle_T50_seed11,0.3343625,0.5292,46,0.4847499999999999,0.28856249999999994
PAPER_oracle_T50_seed11,0.3427,0.508,47,0.5371500000000001,0.327525
PAPER_oracle_T50_seed11,0.37861249999999996,0.5298,48,0.51815,0.3052125
PAPER_oracle_T50_seed11,0.33744999999999997,0.5327,49,0.5422,0.345325
PAPER_oracle_T50_seed12,0.27155,0.1526,0,0.21025,0.08549999999999999
PAPER_oracle_T50_seed12,0.31065,0.1788,1,0.233,0.10812499999999999
PAPER_oracle_T50_seed12,0.32885000000000003,0.2107,2,0.28054999999999997,0.1563
PAPER_oracle_T50_seed12,0.26535,0.1803,3,0.17955000000000002,0.17842500000000003
PAPER_oracle_T50_seed12,0.27731249999999996,0.1856,4,0.21544999999999997,0.18738749999999998
PAPER_oracle_T50_seed12,0.24794999999999998,0.1513,5,0.23270000000000005,0.112075
PAPER_oracle_T50_seed12,0.23585000000000003,0.2015,6,0.24264999999999998,0.12665
PAPER_oracle_T50_seed12,0.208775,0.1762,7,0.21855000000000002,0.15005000000000002
PAPER_oracle_T50_seed12,0.2044625,0.2072,8,0.29874999999999996,0.19693750000000002
PAPER_oracle_T50_seed12,0.3158125,0.1956,9,0.27240000000000003,0.16896250000000002
PAPER_oracle_T50_seed12,0.38327500000000003,0.223,10,0.2846,0.181475
PAPER_oracle_T50_seed12,0.3277375,0.2198,11,0.31334999999999996,0.1989125
PAPER_oracle_T50_seed12,0.3378,0.2665,12,0.31379999999999997,0.19429999999999997
PAPER_oracle_T50_seed12,0.27914999999999995,0.2714,13,0.3315,0.22974999999999998
PAPER_oracle_T50_seed12,0.3121125,0.2983,14,0.3377,0.2198875
PAPER_oracle_T50_seed12,0.3060375,0.3149,15,0.31375,0.1920625
PAPER_oracle_T50_seed12,0.31603749999999997,0.3769,16,0.34845000000000004,0.22588750000000002
PAPER_oracle_T50_seed12,0.34037500000000004,0.3641,17,0.34130000000000005,0.22217499999999996
PAPER_oracle_T50_seed12,0.2994,0.3834,18,0.34975,0.23874999999999996
PAPER_oracle_T50_seed12,0.2842625,0.1783,19,0.236,0.1766875
PAPER_oracle_T50_seed12,0.28035,0.2593,20,0.30265,0.234525
PAPER_oracle_T50_seed12,0.322,0.4206,21,0.3731,0.2511
PAPER_oracle_T50_seed12,0.3417,0.4013,22,0.3923,0.27292500000000003
PAPER_oracle_T50_seed12,0.3369375,0.3231,23,0.34269999999999995,0.2333875
PAPER_oracle_T50_seed12,0.3378,0.3733,24,0.34795000000000004,0.22857500000000006
PAPER_oracle_T50_seed12,0.40045000000000003,0.3661,25,0.36669999999999997,0.25182499999999997
PAPER_oracle_T50_seed12,0.38148750000000003,0.4469,26,0.43985,0.3234125
PAPER_oracle_T50_seed12,0.3274,0.4108,27,0.41369999999999996,0.2942
PAPER_oracle_T50_seed12,0.3732375,0.4187,28,0.42125,0.30993750000000003
PAPER_oracle_T50_seed12,0.2864,0.2557,29,0.31255,0.23417500000000002
PAPER_oracle_T50_seed12,0.34793749999999996,0.3347,30,0.37855000000000005,0.2582375
PAPER_oracle_T50_seed12,0.3496375,0.3224,31,0.38370000000000004,0.2792625
PAPER_oracle_T50_seed12,0.3607375,0.3825,32,0.40549999999999997,0.28981250000000003
PAPER_oracle_T50_seed12,0.33227500000000004,0.462,33,0.45685000000000003,0.342475
PAPER_oracle_T50_seed12,0.355325,0.4737,34,0.46340000000000003,0.34952500000000003
PAPER_oracle_T50_seed12,0.3439125,0.2743,35,0.33644999999999997,0.2613875
PAPER_oracle_T50_seed12,0.385175,0.3579,36,0.4077,0.3327
PAPER_oracle_T50_seed12,0.38352499999999995,0.3953,37,0.4359,0.34115
PAPER_oracle_T50_seed12,0.35906249999999995,0.4662,38,0.44555,0.33923749999999997
PAPER_oracle_T50_seed12,0.3383375,0.3455,39,0.38795,0.31851250000000003
PAPER_oracle_T50_seed12,0.35062499999999996,0.4619,40,0.4598000000000001,0.35692500000000005
PAPER_oracle_T50_seed12,0.3602,0.4229,41,0.44975000000000004,0.37075
PAPER_oracle_T50_seed12,0.3530375,0.4495,42,0.4537000000000001,0.35888749999999997
PAPER_oracle_T50_seed12,0.33685,0.445,43,0.48564999999999986,0.3919
PAPER_oracle_T50_seed12,0.362475,0.4656,44,0.47700000000000004,0.381875
PAPER_oracle_T50_seed12,0.31720000000000004,0.3803,45,0.40920000000000006,0.3267
PAPER_oracle_T50_seed12,0.34704999999999997,0.4547,46,0.4477499999999999,0.36175
PAPER_oracle_T50_seed12,0.3808625,0.4485,47,0.48200000000000004,0.38106249999999997
PAPER_oracle_T50_seed12,0.3546375,0.4609,48,0.48310000000000003,0.38928749999999995
PAPER_oracle_T50_seed12,0.3653,0.493,49,0.49319999999999997,0.3977
PAPER_oracle_T50_seed13,0.29831250000000004,0.1149,0,0.3281,0.1230375
PAPER_oracle_T50_seed13,0.3226625,0.2256,1,0.3713,0.13923750000000001
PAPER_oracle_T50_seed13,0.34140000000000004,0.2413,2,0.3859,0.14477500000000001
PAPER_oracle_T50_seed13,0.2464125,0.1084,3,0.23374999999999999,0.0914375
PAPER_oracle_T50_seed13,0.22635,0.1522,4,0.32720000000000005,0.133075
PAPER_oracle_T50_seed13,0.21656250000000005,0.1379,5,0.30915,0.1492125
PAPER_oracle_T50_seed13,0.26476249999999996,0.1467,6,0.3294,0.1427125
PAPER_oracle_T50_seed13,0.28198749999999995,0.2536,7,0.41814999999999997,0.1680875
PAPER_oracle_T50_seed13,0.304575,0.2719,8,0.44270000000000004,0.172575
PAPER_oracle_T50_seed13,0.29566250000000005,0.2234,9,0.3562,0.1488875
PAPER_oracle_T50_seed13,0.3180625,0.2355,10,0.3389,0.1330875
PAPER_oracle_T50_seed13,0.30974999999999997,0.2891,11,0.40485,0.16435
PAPER_oracle_T50_seed13,0.31256249999999997,0.3001,12,0.4316,0.1730375
PAPER_oracle_T50_seed13,0.3483625,0.1687,13,0.43150000000000005,0.1646875
PAPER_oracle_T50_seed13,0.3494125,0.2353,14,0.4363499999999999,0.1670375
PAPER_oracle_T50_seed13,0.31005000000000005,0.3132,15,0.4022,0.1527
PAPER_oracle_T50_seed13,0.34277499999999994,0.3093,16,0.4502,0.1722
PAPER_oracle_T50_seed13,0.27981249999999996,0.3455,17,0.48445,0.20463750000000003
PAPER_oracle_T50_seed13,0.2863875,0.3415,18,0.49185,0.2057875
PAPER_oracle_T50_seed13,0.29225,0.3052,19,0.4585,0.19475000000000003
PAPER_oracle_T50_seed13,0.32471249999999996,0.344,20,0.4866,0.21516249999999998
PAPER_oracle_T50_seed13,0.34457499999999996,0.3781,21,0.5084,0.21465
PAPER_oracle_T50_seed13,0.309875,0.345,22,0.4756499999999999,0.21327500000000002
PAPER_oracle_T50_seed13,0.3214,0.2876,23,0.42210000000000003,0.1901
PAPER_oracle_T50_seed13,0.33890000000000003,0.3077,24,0.47139999999999993,0.19315000000000002
PAPER_oracle_T50_seed13,0.35692500000000005,0.3356,25,0.4894,0.201525
PAPER_oracle_T50_seed13,0.3591125,0.3778,26,0.49355000000000004,0.19823749999999998
PAPER_oracle_T50_seed13,0.3526875,0.4205,27,0.5149999999999999,0.2109375
PAPER_oracle_T50_seed13,0.36335,0.4036,28,0.5146,0.21685
PAPER_oracle_T50_seed13,0.3381125,0.4092,29,0.5179500000000001,0.23251250000000004
PAPER_oracle_T50_seed13,0.3628,0.4231,30,0.5346500000000001,0.223775
PAPER_oracle_T50_seed13,0.3512624999999999,0.3771,31,0.51385,0.2191625
PAPER_oracle_T50_seed13,0.36712500000000003,0.4242,32,0.5436,0.23234999999999997
PAPER_oracle_T50_seed13,0.3291375,0.4033,33,0.49940000000000007,0.2048375
PAPER_oracle_T50_seed13,0.3762875,0.4256,34,0.5437,0.22651249999999998
PAPER_oracle_T50_seed13,0.39168749999999997,0.2926,35,0.49835,0.22953750000000003
PAPER_oracle_T50_seed13,0.35684999999999995,0.3933,36,0.5511499999999999,0.25565
PAPER_oracle_T50_seed13,0.3782875,0.3609,37,0.52875,0.22731250000000003
PAPER_oracle_T50_seed13,0.3646375,0.3991,38,0.53925,0.2301875
PAPER_oracle_T50_seed13,0.3183625,0.3658,39,0.5244,0.24846250000000003
PAPER_oracle_T50_seed13,0.3675875,0.3861,40,0.5317,0.23776250000000004
PAPER_oracle_T50_seed13,0.367975,0.3768,41,0.49244999999999994,0.2237
PAPER_oracle_T50_seed13,0.36966249999999995,0.4103,42,0.5602,0.24351250000000002
PAPER_oracle_T50_seed13,0.32917499999999994,0.3646,43,0.52025,0.25212500000000004
PAPER_oracle_T50_seed13,0.368525,0.39,44,0.5441499999999999,0.24827499999999997
PAPER_oracle_T50_seed13,0.35962500000000003,0.4346,45,0.5631,0.255975
PAPER_oracle_T50_seed13,0.3624125,0.3933,46,0.5035999999999999,0.2241625
PAPER_oracle_T50_seed13,0.3311375,0.4429,47,0.56655,0.2634875
PAPER_oracle_T50_seed13,0.3707125,0.43,48,0.55305,0.24511249999999998
PAPER_oracle_T50_seed13,0.32853750000000004,0.3606,49,0.48585,0.2214125
PAPER_random_T50_seed11_d5_B3,0.2402875,0.1298,0,0.21789999999999998,0.0817125
PAPER_random_T50_seed11_d5_B3,0.2706375,0.1971,1,0.24145,0.09426249999999999
PAPER_random_T50_seed11_d5_B3,0.2948875,0.2612,2,0.30794999999999995,0.12613749999999999
PAPER_random_T50_seed11_d5_B3,0.2900125,0.2773,3,0.2995,0.12593749999999998
PAPER_random_T50_seed11_d5_B3,0.31665,0.3039,4,0.3428,0.1588
PAPER_random_T50_seed11_d5_B3,0.31163749999999996,0.3403,5,0.35915,0.1863375
PAPER_random_T50_seed11_d5_B3,0.35629999999999995,0.3805,6,0.40149999999999997,0.20800000000000002
PAPER_random_T50_seed11_d5_B3,0.3560625,0.4009,7,0.40750000000000003,0.22243749999999998
PAPER_random_T50_seed11_d5_B3,0.2836375,0.1844,8,0.23254999999999998,0.22498749999999998
PAPER_random_T50_seed11_d5_B3,0.3209,0.2232,9,0.2879,0.20965000000000003
PAPER_random_T50_seed11_d5_B3,0.3341,0.2107,10,0.30775,0.197
PAPER_random_T50_seed11_d5_B3,0.363325,0.2346,11,0.33869999999999995,0.2062
PAPER_random_T50_seed11_d5_B3,0.394175,0.2786,12,0.38175,0.24462499999999995
PAPER_random_T50_seed11_d5_B3,0.37707500000000005,0.3283,13,0.38880000000000003,0.247425
PAPER_random_T50_seed11_d5_B3,0.26936250000000006,0.281,14,0.3694,0.21971249999999998
PAPER_random_T50_seed11_d5_B3,0.22285,0.3174,15,0.3748,0.23079999999999998
PAPER_random_T50_seed11_d5_B3,0.33926249999999997,0.23,16,0.3686,0.2115375
PAPER_random_T50_seed11_d5_B3,0.3377875,0.2998,17,0.3872,0.22626249999999998
PAPER_random_T50_seed11_d5_B3,0.37944999999999995,0.3471,18,0.39080000000000004,0.22442499999999996
PAPER_random_T50_seed11_d5_B3,0.3625999999999999,0.3428,19,0.3641,0.22035
PAPER_random_T50_seed11_d5_B3,0.324675,0.3705,20,0.35005,0.200675
PAPER_random_T50_seed11_d5_B3,0.35762499999999997,0.391,21,0.3991,0.23522500000000002
PAPER_random_T50_seed11_d5_B3,0.34321250000000003,0.2947,22,0.37265,0.1973375
PAPER_random_T50_seed11_d5_B3,0.338425,0.3926,23,0.42424999999999996,0.23525000000000001
PAPER_random_T50_seed11_d5_B3,0.39825000000000005,0.4754,24,0.45545,0.26832500000000004
PAPER_random_T50_seed11_d5_B3,0.3845125,0.4721,25,0.4534999999999999,0.26343750000000005
PAPER_random_T50_seed11_d5_B3,0.39186249999999995,0.4426,26,0.42945,0.24188749999999998
PAPER_random_T50_seed11_d5_B3,0.38332499999999997,0.4903,27,0.41769999999999996,0.22920000000000001
PAPER_random_T50_seed11_d5_B3,0.37522500000000003,0.3781,28,0.4154,0.257775
PAPER_random_T50_seed11_d5_B3,0.376375,0.4313,29,0.4386,0.234975
PAPER_random_T50_seed11_d5_B3,0.389,0.4433,30,0.4617,0.2832
PAPER_random_T50_seed11_d5_B3,0.3772125,0.4793,31,0.49015000000000003,0.3238375
PAPER_random_T50_seed11_d5_B3,0.34187500000000004,0.4428,32,0.45685000000000003,0.259975
PAPER_random_T50_seed11_d5_B3,0.36775,0.4696,33,0.4633,0.259925
PAPER_random_T50_seed11_d5_B3,0.306075,0.4368,34,0.38555,0.19805
PAPER_random_T50_seed11_d5_B3,0.38963749999999997,0.4315,35,0.48295000000000005,0.2847625
PAPER_random_T50_seed11_d5_B3,0.3712625,0.5103,36,0.48290000000000005,0.27896249999999995
PAPER_random_T50_seed11_d5_B3,0.3093625,0.4975,37,0.45275,0.24918749999999998
PAPER_random_T50_seed11_d5_B3,0.35356249999999995,0.522,38,0.50055,0.2887375
PAPER_random_T50_seed11_d5_B3,0.3473375,0.5158,39,0.5078,0.29823750000000004
PAPER_random_T50_seed11_d5_B3,0.3582,0.5053,40,0.48519999999999996,0.26732500000000003
PAPER_random_T50_seed11_d5_B3,0.354025,0.5197,41,0.51505,0.31142499999999995
PAPER_random_T50_seed11_d5_B3,0.324825,0.5178,42,0.51585,0.33785000000000004
PAPER_random_T50_seed11_d5_B3,0.3013,0.5289,43,0.51515,0.323025
PAPER_random_T50_seed11_d5_B3,0.38594999999999996,0.5149,44,0.51225,0.30737500000000006
PAPER_random_T50_seed11_d5_B3,0.3404000000000001,0.525,45,0.5085,0.29712500000000003
PAPER_random_T50_seed11_d5_B3,0.3511875,0.5129,46,0.5113,0.2971125
PAPER_random_T50_seed11_d5_B3,0.3788375,0.5326,47,0.5045999999999999,0.2971625
PAPER_random_T50_seed11_d5_B3,0.3426625,0.5253,48,0.49235000000000007,0.2920375
PAPER_random_T50_seed11_d5_B3,0.353675,0.5562,49,0.5436500000000001,0.34415
PAPER_random_T50_seed12_d5_B3,0.27697499999999997,0.1539,0,0.2104,0.08539999999999999
PAPER_random_T50_seed12_d5_B3,0.31037499999999996,0.1664,1,0.22945,0.10482499999999999
PAPER_random_T50_seed12_d5_B3,0.32758750000000003,0.2026,2,0.27785000000000004,0.15391249999999998
PAPER_random_T50_seed12_d5_B3,0.3496125,0.2553,3,0.2943,0.17073750000000001
PAPER_random_T50_seed12_d5_B3,0.3580125,0.2923,4,0.30915,0.1855875
PAPER_random_T50_seed12_d5_B3,0.34364999999999996,0.3192,5,0.31920000000000004,0.200325
PAPER_random_T50_seed12_d5_B3,0.344,0.299,6,0.30619999999999997,0.182825
PAPER_random_T50_seed12_d5_B3,0.32058749999999997,0.3437,7,0.33219999999999994,0.20926250000000005
PAPER_random_T50_seed12_d5_B3,0.2436125,0.2203,8,0.15059999999999998,0.12528750000000002
PAPER_random_T50_seed12_d5_B3,0.22595,0.2821,9,0.1736,0.1611
PAPER_random_T50_seed12_d5_B3,0.19675,0.2009,10,0.19770000000000004,0.136325
PAPER_random_T50_seed12_d5_B3,0.1688625,0.2375,11,0.23545,0.1478875
PAPER_random_T50_seed12_d5_B3,0.17583749999999998,0.1005,12,0.12444999999999999,0.1153875
PAPER_random_T50_seed12_d5_B3,0.210625,0.1172,13,0.18375000000000002,0.13037500000000002
PAPER_random_T50_seed12_d5_B3,0.30602500000000005,0.308,14,0.28240000000000004,0.19890000000000002
PAPER_random_T50_seed12_d5_B3,0.31202500000000005,0.2501,15,0.35415,0.25539999999999996
PAPER_random_T50_seed12_d5_B3,0.2279,0.3738,16,0.32015000000000005,0.2234
PAPER_random_T50_seed12_d5_B3,0.28285,0.3147,17,0.31975,0.213625
PAPER_random_T50_seed12_d5_B3,0.3285125,0.3116,18,0.34415,0.2357125
PAPER_random_T50_seed12_d5_B3,0.33930000000000005,0.3313,19,0.3454,0.24165
PAPER_random_T50_seed12_d5_B3,0.3769625,0.3108,20,0.3514,0.24071250000000002
PAPER_random_T50_seed12_d5_B3,0.39685000000000004,0.3638,21,0.4035,0.29337500000000005
PAPER_random_T50_seed12_d5_B3,0.37403749999999997,0.3861,22,0.35850000000000004,0.2361875
PAPER_random_T50_seed12_d5_B3,0.38669999999999993,0.4083,23,0.391,0.27137500000000003
PAPER_random_T50_seed12_d5_B3,0.40584999999999993,0.3983,24,0.3944,0.281275
PAPER_random_T50_seed12_d5_B3,0.39678749999999996,0.4232,25,0.3873,0.26836249999999995
PAPER_random_T50_seed12_d5_B3,0.3357125,0.409,26,0.38160000000000005,0.2704125
PAPER_random_T50_seed12_d5_B3,0.3251625,0.4233,27,0.38855,0.27961250000000004
PAPER_random_T50_seed12_d5_B3,0.31690000000000007,0.4649,28,0.4483,0.33967500000000006
PAPER_random_T50_seed12_d5_B3,0.3125125,0.4571,29,0.41034999999999994,0.29428750000000004
PAPER_random_T50_seed12_d5_B3,0.327975,0.4613,30,0.39649999999999996,0.275125
PAPER_random_T50_seed12_d5_B3,0.36695,0.4265,31,0.39275000000000004,0.2725
PAPER_random_T50_seed12_d5_B3,0.3298375,0.4601,32,0.43019999999999997,0.31088750000000004
PAPER_random_T50_seed12_d5_B3,0.33783750000000007,0.4897,33,0.44815000000000005,0.33096249999999994
PAPER_random_T50_seed12_d5_B3,0.3599,0.4037,34,0.37915,0.25815
PAPER_random_T50_seed12_d5_B3,0.38987499999999997,0.429,35,0.43655,0.31805
PAPER_random_T50_seed12_d5_B3,0.3744375,0.4146,36,0.4359,0.3375875
PAPER_random_T50_seed12_d5_B3,0.3796,0.3937,37,0.38319999999999993,0.274825
PAPER_random_T50_seed12_d5_B3,0.3812125,0.3801,38,0.43635,0.3316625
PAPER_random_T50_seed12_d5_B3,0.35543749999999996,0.3957,39,0.43265000000000003,0.3143375
PAPER_random_T50_seed12_d5_B3,0.3794125,0.4413,40,0.46285,0.3549125
PAPER_random_T50_seed12_d5_B3,0.38382499999999997,0.432,41,0.4488,0.34304999999999997
PAPER_random_T50_seed12_d5_B3,0.38966249999999997,0.4135,42,0.4575,0.3586875
PAPER_random_T50_seed12_d5_B3,0.38039999999999996,0.4347,43,0.4415,0.33599999999999997
PAPER_random_T50_seed12_d5_B3,0.36573749999999994,0.4426,44,0.45694999999999997,0.34763749999999993
PAPER_random_T50_seed12_d5_B3,0.3382875,0.4811,45,0.47495000000000004,0.3686375
PAPER_random_T50_seed12_d5_B3,0.3565625,0.5121,46,0.4866,0.3746625
PAPER_random_T50_seed12_d5_B3,0.35334999999999994,0.5167,47,0.45099999999999996,0.33775000000000005
PAPER_random_T50_seed12_d5_B3,0.3597375,0.5025,48,0.49424999999999997,0.3808125
PAPER_random_T50_seed12_d5_B3,0.33499999999999996,0.456,49,0.47175,0.3755
PAPER_random_T50_seed13_d5_B3,0.30298749999999997,0.1213,0,0.3029,0.1135875
PAPER_random_T50_seed13_d5_B3,0.3158125,0.2251,1,0.3709,0.13908749999999998
PAPER_random_T50_seed13_d5_B3,0.33819999999999995,0.2466,2,0.40145,0.15057499999999996
PAPER_random_T50_seed13_d5_B3,0.29548749999999996,0.2855,3,0.39215,0.1474625
PAPER_random_T50_seed13_d5_B3,0.3196875,0.2377,4,0.393,0.14781249999999999
PAPER_random_T50_seed13_d5_B3,0.32025000000000003,0.2857,5,0.4143,0.15605
PAPER_random_T50_seed13_d5_B3,0.33765,0.3418,6,0.4463500000000001,0.16760000000000003
PAPER_random_T50_seed13_d5_B3,0.3383999999999999,0.33,7,0.4502,0.16895
PAPER_random_T50_seed13_d5_B3,0.3007625,0.2443,8,0.28155,0.1108625
PAPER_random_T50_seed13_d5_B3,0.2876125,0.2563,9,0.31000000000000005,0.12943749999999998
PAPER_random_T50_seed13_d5_B3,0.19842500000000002,0.1187,10,0.21910000000000002,0.11297499999999998
PAPER_random_T50_seed13_d5_B3,0.2105875,0.1343,11,0.2605,0.1320625
PAPER_random_T50_seed13_d5_B3,0.2833,0.2047,12,0.41950000000000004,0.19087500000000002
PAPER_random_T50_seed13_d5_B3,0.2726875,0.2939,13,0.35069999999999996,0.1681375
PAPER_random_T50_seed13_d5_B3,0.248125,0.1892,14,0.41629999999999995,0.19342499999999999
PAPER_random_T50_seed13_d5_B3,0.31629999999999997,0.2344,15,0.38889999999999997,0.17915
PAPER_random_T50_seed13_d5_B3,0.34478749999999997,0.3293,16,0.44539999999999996,0.1843375
PAPER_random_T50_seed13_d5_B3,0.327,0.3212,17,0.4165,0.179
PAPER_random_T50_seed13_d5_B3,0.31113749999999996,0.2482,18,0.3833,0.17386249999999998
PAPER_random_T50_seed13_d5_B3,0.3437125,0.3796,19,0.46085000000000004,0.1791625
PAPER_random_T50_seed13_d5_B3,0.34743749999999995,0.3641,20,0.47425000000000006,0.19643750000000001
PAPER_random_T50_seed13_d5_B3,0.3316625,0.3926,21,0.45890000000000003,0.19008750000000002
PAPER_random_T50_seed13_d5_B3,0.3435625,0.3704,22,0.48965000000000003,0.1960875
PAPER_random_T50_seed13_d5_B3,0.3296,0.3617,23,0.4629999999999999,0.18687499999999999
PAPER_random_T50_seed13_d5_B3,0.3541125,0.3987,24,0.48545,0.1913875
PAPER_random_T50_seed13_d5_B3,0.3397,0.3834,25,0.49245,0.19957500000000003
PAPER_random_T50_seed13_d5_B3,0.3608875,0.3945,26,0.47645,0.1845125
PAPER_random_T50_seed13_d5_B3,0.34716249999999993,0.386,27,0.4588,0.17836249999999998
PAPER_random_T50_seed13_d5_B3,0.3574875,0.4017,28,0.49989999999999996,0.20171250000000002
PAPER_random_T50_seed13_d5_B3,0.339675,0.3953,29,0.4755,0.194
PAPER_random_T50_seed13_d5_B3,0.350125,0.3532,30,0.5036499999999999,0.20965000000000003
PAPER_random_T50_seed13_d5_B3,0.3586625,0.3949,31,0.51245,0.21151250000000005
PAPER_random_T50_seed13_d5_B3,0.3402125,0.389,32,0.52905,0.2257375
PAPER_random_T50_seed13_d5_B3,0.3653625,0.3869,33,0.50355,0.2061125
PAPER_random_T50_seed13_d5_B3,0.36441250000000003,0.3791,34,0.47919999999999996,0.2013875
PAPER_random_T50_seed13_d5_B3,0.3845,0.3259,35,0.509,0.24962499999999999
PAPER_random_T50_seed13_d5_B3,0.380725,0.3391,36,0.454,0.20487499999999997
PAPER_random_T50_seed13_d5_B3,0.36226250000000004,0.3624,37,0.52695,0.23688750000000006
PAPER_random_T50_seed13_d5_B3,0.35585,0.3529,38,0.4704499999999999,0.20945
PAPER_random_T50_seed13_d5_B3,0.356625,0.3874,39,0.53025,0.23650000000000002
PAPER_random_T50_seed13_d5_B3,0.3173375,0.396,40,0.48950000000000005,0.2225625
PAPER_random_T50_seed13_d5_B3,0.34047499999999997,0.3834,41,0.44704999999999995,0.186675
PAPER_random_T50_seed13_d5_B3,0.3447125,0.3996,42,0.4995,0.21381249999999996
PAPER_random_T50_seed13_d5_B3,0.36186250000000003,0.418,43,0.51515,0.2207125
PAPER_random_T50_seed13_d5_B3,0.35238749999999996,0.382,44,0.50555,0.2191125
PAPER_random_T50_seed13_d5_B3,0.34777500000000006,0.4097,45,0.5327,0.2387
PAPER_random_T50_seed13_d5_B3,0.35496249999999996,0.3741,46,0.49945000000000006,0.20676250000000002
PAPER_random_T50_seed13_d5_B3,0.36101250000000007,0.3928,47,0.48355,0.19711249999999997
PAPER_random_T50_seed13_d5_B3,0.3624375,0.4297,48,0.49210000000000004,0.2072875
PAPER_random_T50_seed13_d5_B3,0.36795,0.4077,49,0.53515,0.24764999999999998
